{
	"credit": "Made with Blockbench",
	"parent": "block/block",
	"ambientocclusion": false,
	"textures": {
		"particle": "block/netherite_lantern",
		"lantern": "block/netherite_soul_lantern"
	},
	"elements": [
		{
			"from": [5, 0, 5],
			"to": [11, 7, 11],
			"faces": {
				"north": {"uv": [1, 2, 7, 9], "texture": "#lantern"},
				"east": {"uv": [1, 2, 7, 9], "texture": "#lantern"},
				"south": {"uv": [1, 2, 7, 9], "texture": "#lantern"},
				"west": {"uv": [1, 2, 7, 9], "texture": "#lantern"},
				"up": {"uv": [1, 9, 7, 15], "texture": "#lantern"},
				"down": {"uv": [1, 9, 7, 15], "texture": "#lantern"}
			}
		},
		{
			"from": [3, 0, 8],
			"to": [13, 7, 8],
			"rotation": {"angle": -45, "axis": "y", "origin": [8, 3.5, 8]},
			"faces": {
				"north": {"uv": [0, 2, 8, 9], "texture": "#lantern"},
				"east": {"uv": [1, 2, 7, 9], "texture": "#lantern"},
				"south": {"uv": [0, 2, 8, 9], "texture": "#lantern"},
				"west": {"uv": [0, 2, 8, 9], "texture": "#lantern"},
				"up": {"uv": [1, 9, 7, 15], "texture": "#lantern"},
				"down": {"uv": [1, 9, 7, 15], "texture": "#lantern"}
			}
		},
		{
			"from": [8, 0, 3],
			"to": [8, 7, 13],
			"rotation": {"angle": -45, "axis": "y", "origin": [8, 3.5, 8]},
			"faces": {
				"north": {"uv": [0, 2, 8, 9], "texture": "#lantern"},
				"east": {"uv": [0, 2, 8, 9], "texture": "#lantern"},
				"south": {"uv": [1, 2, 7, 9], "texture": "#lantern"},
				"west": {"uv": [0, 2, 8, 9], "texture": "#lantern"},
				"up": {"uv": [1, 9, 7, 15], "rotation": 90, "texture": "#lantern"},
				"down": {"uv": [1, 9, 7, 15], "rotation": 270, "texture": "#lantern"}
			}
		},
		{
			"from": [6, 7, 6],
			"to": [10, 9, 10],
			"faces": {
				"north": {"uv": [2, 0, 6, 2], "texture": "#lantern"},
				"east": {"uv": [2, 0, 6, 2], "texture": "#lantern"},
				"south": {"uv": [2, 0, 6, 2], "texture": "#lantern"},
				"west": {"uv": [2, 0, 6, 2], "texture": "#lantern"},
				"up": {"uv": [2, 10, 6, 14], "texture": "#lantern"}
			}
		},
		{
			"from": [5.5, 9, 8],
			"to": [10.5, 11, 8],
			"shade": false,
			"rotation": {"angle": 45, "axis": "y", "origin": [8, 8, 8]},
			"faces": {
				"north": {"uv": [10, 7, 15, 9], "texture": "#lantern"},
				"south": {"uv": [10, 7, 15, 9], "texture": "#lantern"}
			}
		},
		{
			"from": [8, 9, 6.5],
			"to": [8, 11, 9.5],
			"shade": false,
			"rotation": {"angle": 45, "axis": "y", "origin": [8, 8, 8]},
			"faces": {
				"east": {"uv": [11, 10, 14, 12], "texture": "#lantern"},
				"west": {"uv": [11, 10, 14, 12], "texture": "#lantern"}
			}
		}
	],
	"display": {
		"thirdperson_righthand": {
			"rotation": [65.25, 45, 0],
			"translation": [0, -1.5, -0.75],
			"scale": [0.44, 0.44, 0.44]
		},
		"thirdperson_lefthand": {
			"rotation": [65.25, 45, 0],
			"translation": [0, -1.5, -0.75],
			"scale": [0.44, 0.44, 0.44]
		},
		"firstperson_righthand": {
			"rotation": [-11.75, 28.25, 0],
			"translation": [2.75, 4.75, -0.25],
			"scale": [0.58, 0.58, 0.58]
		},
		"firstperson_lefthand": {
			"rotation": [-11.75, 28.25, 0],
			"translation": [2.75, 4.75, -0.25],
			"scale": [0.58, 0.58, 0.58]
		},
		"ground": {
			"translation": [0, 3, 0],
			"scale": [0.42, 0.42, 0.42]
		},
		"gui": {
			"rotation": [30, 225, 0],
			"translation": [0, 2.5, 0],
			"scale": [0.9, 0.9, 0.9]
		},
		"fixed": {
			"rotation": [-90, 0, 0],
			"translation": [0, 0, -14],
			"scale": [2, 2, 2]
		}
	}
}