{
	"credit": "Made with Blockbench",
	"ambientocclusion": false,
	"texture_size": [64, 64],
	"textures": {
		"2": "block/enraged_wildfire_shield"
	},
	"elements": [
		{
			"name": "Cube",
			"from": [3.5, 0, 11],
			"to": [12.5, 22, 12],
			"shade": false,
			"rotation": {"angle": 0, "axis": "y", "origin": [6, 11, 11.5]},
			"faces": {
				"north": {"uv": [5.25, 2.5, 2.75, 8], "texture": "#2"},
				"east": {"uv": [3, 2.5, 2.75, 8], "texture": "#2"},
				"south": {"uv": [2.5, 2.5, 0, 8], "texture": "#2"},
				"west": {"uv": [2.75, 2.5, 2.5, 8], "texture": "#2"},
				"up": {"uv": [0.25, 2.5, 2.75, 2.75], "texture": "#2"},
				"down": {"uv": [3, 2.5, 5.5, 2.75], "texture": "#2"}
			}
		},
		{
			"name": "Cube",
			"from": [7, 8, 5],
			"to": [9, 14, 11],
			"shade": false,
			"faces": {
				"north": {"uv": [10, 3, 9.5, 4.5], "texture": "#2"},
				"east": {"uv": [11.5, 3, 10, 4.5], "texture": "#2"},
				"south": {"uv": [12, 3, 11.5, 4.5], "texture": "#missing"},
				"west": {"uv": [11.5, 3, 10, 4.5], "texture": "#2"},
				"up": {"uv": [9.5, 3, 10, 1.5], "texture": "#2"},
				"down": {"uv": [9.5, 3, 10, 1.5], "texture": "#2"}
			}
		}
	],
	"gui_light": "front",
	"display": {
		"thirdperson_righthand": {
			"rotation": [60, 150, -10],
			"translation": [0, -5, -2]
		},
		"thirdperson_lefthand": {
			"rotation": [60, 150, -10],
			"translation": [0, -5, -2]
		},
		"firstperson_righthand": {
			"rotation": [0, 180, -5],
			"translation": [1.75, -11, 2.25],
			"scale": [1.25, 1.25, 1.25]
		},
		"firstperson_lefthand": {
			"rotation": [0, 180, -5],
			"translation": [1.75, -11, 2.25],
			"scale": [1.25, 1.25, 1.25]
		},
		"ground": {
			"translation": [0, 4, 0],
			"scale": [0.25, 0.25, 0.25]
		},
		"gui": {
			"translation": [0, -2.25, 0],
			"scale": [0.74, 0.74, 0.74]
		},
		"fixed": {
			"rotation": [0, 180, 0],
			"translation": [0, 0, 5.75],
			"scale": [2, 2, 2]
		}
	}
}