{
	"credit": "Made with Blockbench",
	"ambientocclusion": false,
	"textures": {
		"0": "block/crimson_dandelion",
		"particle": "block/crimson_dandelion"
	},
	"elements": [
		{
			"from": [7.2, -0.8, 8.2],
			"to": [7.8, 11.8, 8.8],
			"rotation": {"angle": 0, "axis": "y", "origin": [15, 8, 16]},
			"faces": {
				"north": {"uv": [12, 2, 13, 14], "texture": "#0"},
				"east": {"uv": [15, 2, 16, 14], "texture": "#0"},
				"south": {"uv": [12, 2, 13, 14], "texture": "#0"},
				"west": {"uv": [13, 2, 14, 14], "texture": "#0"},
				"up": {"uv": [12, 0, 13, 1], "texture": "#0"},
				"down": {"uv": [12, 11, 13, 12], "texture": "#0"}
			}
		},
		{
			"from": [6, 11.85, 7],
			"to": [9, 11.85, 10],
			"rotation": {"angle": 0, "axis": "y", "origin": [15, 19.85, 16]},
			"faces": {
				"north": {"uv": [0, 0, 1, 0], "texture": "#missing"},
				"east": {"uv": [0, 0, 1, 0], "texture": "#missing"},
				"south": {"uv": [0, 0, 1, 0], "texture": "#missing"},
				"west": {"uv": [0, 0, 1, 0], "texture": "#missing"},
				"up": {"uv": [4, 4, 7, 7], "texture": "#0"},
				"down": {"uv": [8, 13, 11, 16], "texture": "#0"}
			}
		},
		{
			"from": [9, 12.05, 7],
			"to": [12, 12.05, 10],
			"rotation": {"angle": -22.5, "axis": "z", "origin": [8.5, 12.05, 8.5]},
			"faces": {
				"north": {"uv": [0, 0, 1, 0], "texture": "#missing"},
				"east": {"uv": [0, 0, 1, 0], "texture": "#missing"},
				"south": {"uv": [0, 0, 1, 0], "texture": "#missing"},
				"west": {"uv": [0, 0, 1, 0], "texture": "#missing"},
				"up": {"uv": [7, 4, 11, 7], "texture": "#0"},
				"down": {"uv": [7, 4, 11, 7], "texture": "#0"}
			}
		},
		{
			"from": [6, 12.05, 10],
			"to": [9, 12.05, 13],
			"rotation": {"angle": 22.5, "axis": "x", "origin": [7.5, 12.05, 9.5]},
			"faces": {
				"north": {"uv": [0, 0, 1, 0], "texture": "#missing"},
				"east": {"uv": [0, 0, 1, 0], "texture": "#missing"},
				"south": {"uv": [0, 0, 1, 0], "texture": "#missing"},
				"west": {"uv": [0, 0, 1, 0], "texture": "#missing"},
				"up": {"uv": [4, 7, 7, 11], "texture": "#0"},
				"down": {"uv": [4, 7, 7, 11], "rotation": 180, "texture": "#0"}
			}
		},
		{
			"from": [3, 12.05, 7],
			"to": [6, 12.05, 10],
			"rotation": {"angle": 22.5, "axis": "z", "origin": [6.5, 12.05, 8.5]},
			"faces": {
				"north": {"uv": [0, 0, 1, 0], "texture": "#missing"},
				"east": {"uv": [0, 0, 1, 0], "texture": "#missing"},
				"south": {"uv": [0, 0, 1, 0], "texture": "#missing"},
				"west": {"uv": [0, 0, 1, 0], "texture": "#missing"},
				"up": {"uv": [0, 4, 4, 7], "texture": "#0"},
				"down": {"uv": [0, 4, 4, 7], "texture": "#0"}
			}
		},
		{
			"from": [6, 12.05, 4],
			"to": [9, 12.05, 7],
			"rotation": {"angle": -22.5, "axis": "x", "origin": [7.5, 12.05, 7.5]},
			"faces": {
				"north": {"uv": [0, 0, 1, 0], "texture": "#missing"},
				"east": {"uv": [0, 0, 1, 0], "texture": "#missing"},
				"south": {"uv": [0, 0, 1, 0], "texture": "#missing"},
				"west": {"uv": [0, 0, 1, 0], "texture": "#missing"},
				"up": {"uv": [4, 0, 7, 4], "texture": "#0"},
				"down": {"uv": [4, 0, 7, 4], "rotation": 180, "texture": "#0"}
			}
		}
	],
	"display": {
		"thirdperson_righthand": {
			"translation": [0.25, 3, 1.25],
			"scale": [0.44, 0.44, 0.44]
		},
		"thirdperson_lefthand": {
			"translation": [0.25, 3, 1.25],
			"scale": [0.44, 0.44, 0.44]
		},
		"firstperson_righthand": {
			"rotation": [0, -90, 25],
			"translation": [3.88, 3.7, 1.13],
			"scale": [0.68, 0.68, 0.68]
		},
		"firstperson_lefthand": {
			"rotation": [0, -90, 25],
			"translation": [3.88, 3.7, 1.13],
			"scale": [0.68, 0.68, 0.68]
		},
		"ground": {
			"translation": [0, 2, 0],
			"scale": [0.5, 0.5, 0.5]
		},
		"gui": {
			"rotation": [30, 225, 0],
			"translation": [-0.25, 2, 0],
			"scale": [1.05, 1.05, 1.05]
		},
		"head": {
			"rotation": [0, 180, 0],
			"translation": [0, 13, 0.25]
		},
		"fixed": {
			"rotation": [-90, 180, 0],
			"translation": [0, 0, -16.5],
			"scale": [2, 2, 2]
		}
	}
}