{
	"credit": "Made with Blockbench",
	"ambientocclusion": false,
	"textures": {
		"0": "block/illuminant_warped_tubefungi",
		"particle": "block/warped_tubefungi"
	},
	"elements": [
		{
			"from": [6.3, -0.7, 8.3],
			"to": [9.7, 27.7, 11.7],
			"rotation": {"angle": 0, "axis": "y", "origin": [8.5, 0.5, 9.5]},
			"faces": {
				"north": {"uv": [0, 11, 4, 16], "texture": "#0"},
				"east": {"uv": [0, 11, 4, 16], "texture": "#0"},
				"south": {"uv": [0, 11, 4, 16], "texture": "#0"},
				"west": {"uv": [0, 11, 4, 16], "texture": "#0"},
				"up": {"uv": [0, 11, 4, 16], "texture": "#0"},
				"down": {"uv": [0, 11, 4, 16], "texture": "#0"}
			}
		},
		{
			"from": [9.3, -0.7, 2.3],
			"to": [12.7, 19.7, 5.7],
			"rotation": {"angle": 0, "axis": "y", "origin": [11.5, 0.5, 3.5]},
			"faces": {
				"north": {"uv": [0, 11, 4, 16], "texture": "#0"},
				"east": {"uv": [0, 11, 4, 16], "texture": "#0"},
				"south": {"uv": [0, 11, 4, 16], "texture": "#0"},
				"west": {"uv": [0, 11, 4, 16], "texture": "#0"},
				"up": {"uv": [0, 11, 4, 16], "texture": "#0"},
				"down": {"uv": [0, 11, 4, 16], "texture": "#0"}
			}
		},
		{
			"from": [0.3, -0.7, 8.3],
			"to": [3.7, 19.7, 11.7],
			"rotation": {"angle": 0, "axis": "y", "origin": [2.5, 0.5, 9.5]},
			"faces": {
				"north": {"uv": [0, 11, 4, 16], "texture": "#0"},
				"east": {"uv": [0, 11, 4, 16], "texture": "#0"},
				"south": {"uv": [0, 11, 4, 16], "texture": "#0"},
				"west": {"uv": [0, 11, 4, 16], "texture": "#0"},
				"up": {"uv": [0, 11, 4, 16], "texture": "#0"},
				"down": {"uv": [0, 11, 4, 16], "texture": "#0"}
			}
		},
		{
			"from": [2.3, -0.7, 2.3],
			"to": [5.7, 10.7, 5.7],
			"rotation": {"angle": 0, "axis": "y", "origin": [4.5, -8.5, 3.5]},
			"faces": {
				"north": {"uv": [0, 11, 4, 16], "texture": "#0"},
				"east": {"uv": [0, 11, 4, 16], "texture": "#0"},
				"south": {"uv": [0, 11, 4, 16], "texture": "#0"},
				"west": {"uv": [0, 11, 4, 16], "texture": "#0"},
				"up": {"uv": [0, 11, 4, 16], "texture": "#0"},
				"down": {"uv": [0, 11, 4, 16], "texture": "#0"}
			}
		},
		{
			"from": [6, 10, 8],
			"to": [10, 18, 12],
			"rotation": {"angle": 0, "axis": "y", "origin": [8, 14, 10]},
			"faces": {
				"north": {"uv": [0, 0, 4, 9], "texture": "#0"},
				"east": {"uv": [4, 0, 8, 9], "texture": "#0"},
				"south": {"uv": [4, 0, 8, 9], "texture": "#0"},
				"west": {"uv": [0, 0, 4, 9], "texture": "#0"}
			}
		},
		{
			"from": [6, 19, 8],
			"to": [10, 27, 12],
			"rotation": {"angle": 0, "axis": "y", "origin": [8, 23, 10]},
			"faces": {
				"north": {"uv": [4, 0, 8, 9], "texture": "#0"},
				"east": {"uv": [0, 0, 4, 9], "texture": "#0"},
				"south": {"uv": [0, 0, 4, 9], "texture": "#0"},
				"west": {"uv": [4, 0, 8, 9], "texture": "#0"}
			}
		},
		{
			"from": [9, 10, 2],
			"to": [13, 18, 6],
			"rotation": {"angle": 0, "axis": "y", "origin": [11, 14, 4]},
			"faces": {
				"north": {"uv": [0, 0, 4, 9], "texture": "#0"},
				"east": {"uv": [0, 0, 4, 9], "texture": "#0"},
				"south": {"uv": [4, 0, 8, 9], "texture": "#0"},
				"west": {"uv": [4, 0, 8, 9], "texture": "#0"}
			}
		},
		{
			"from": [0, 10, 8],
			"to": [4, 18, 12],
			"rotation": {"angle": 0, "axis": "y", "origin": [2, 14, 10]},
			"faces": {
				"north": {"uv": [0, 0, 4, 9], "texture": "#0"},
				"east": {"uv": [0, 0, 4, 9], "texture": "#0"},
				"south": {"uv": [4, 0, 8, 9], "texture": "#0"},
				"west": {"uv": [4, 0, 8, 9], "texture": "#0"}
			}
		},
		{
			"from": [2, 1, 2],
			"to": [6, 9, 6],
			"rotation": {"angle": 0, "axis": "y", "origin": [4, 5, 4]},
			"faces": {
				"north": {"uv": [0, 0, 4, 9], "texture": "#0"},
				"east": {"uv": [4, 0, 8, 9], "texture": "#0"},
				"south": {"uv": [4, 0, 8, 9], "texture": "#0"},
				"west": {"uv": [4, 0, 8, 9], "texture": "#0"}
			}
		},
		{
			"from": [6, 1, 8],
			"to": [10, 9, 12],
			"rotation": {"angle": 0, "axis": "y", "origin": [8, 5, 10]},
			"faces": {
				"north": {"uv": [4, 0, 8, 9], "texture": "#0"},
				"east": {"uv": [4, 0, 8, 9], "texture": "#0"},
				"south": {"uv": [0, 0, 4, 9], "texture": "#0"},
				"west": {"uv": [4, 0, 8, 9], "texture": "#0"}
			}
		},
		{
			"from": [9, 1, 2],
			"to": [13, 9, 6],
			"rotation": {"angle": 0, "axis": "y", "origin": [11, 5, 4]},
			"faces": {
				"north": {"uv": [4, 0, 8, 9], "texture": "#0"},
				"east": {"uv": [4, 0, 8, 9], "texture": "#0"},
				"south": {"uv": [4, 0, 8, 9], "texture": "#0"},
				"west": {"uv": [0, 0, 4, 9], "texture": "#0"}
			}
		},
		{
			"from": [0, 1, 8],
			"to": [4, 9, 12],
			"rotation": {"angle": 0, "axis": "y", "origin": [2, 5, 10]},
			"faces": {
				"north": {"uv": [4, 0, 8, 9], "texture": "#0"},
				"east": {"uv": [4, 0, 8, 9], "texture": "#0"},
				"south": {"uv": [4, 0, 8, 9], "texture": "#0"},
				"west": {"uv": [0, 0, 4, 9], "texture": "#0"}
			}
		},
		{
			"from": [5, 28, 7],
			"to": [11, 30, 13],
			"rotation": {"angle": 0, "axis": "y", "origin": [8.5, 12.5, 9.5]},
			"faces": {
				"north": {"uv": [0, 9, 8, 11], "texture": "#0"},
				"east": {"uv": [0, 9, 8, 11], "texture": "#0"},
				"south": {"uv": [0, 9, 8, 11], "texture": "#0"},
				"west": {"uv": [0, 9, 8, 11], "texture": "#0"},
				"up": {"uv": [8, 8, 16, 16], "texture": "#0"},
				"down": {"uv": [8, 0, 16, 8], "texture": "#0"}
			}
		},
		{
			"from": [8, 19, 1],
			"to": [14, 21, 7],
			"rotation": {"angle": 0, "axis": "y", "origin": [11.5, 3.5, 3.5]},
			"faces": {
				"north": {"uv": [0, 9, 8, 11], "texture": "#0"},
				"east": {"uv": [0, 9, 8, 11], "texture": "#0"},
				"south": {"uv": [0, 9, 8, 11], "texture": "#0"},
				"west": {"uv": [0, 9, 8, 11], "texture": "#0"},
				"up": {"uv": [8, 8, 16, 16], "texture": "#0"},
				"down": {"uv": [8, 0, 16, 8], "texture": "#0"}
			}
		},
		{
			"from": [-1, 19, 7],
			"to": [5, 21, 13],
			"rotation": {"angle": 0, "axis": "y", "origin": [2.5, 3.5, 9.5]},
			"faces": {
				"north": {"uv": [0, 9, 8, 11], "texture": "#0"},
				"east": {"uv": [0, 9, 8, 11], "texture": "#0"},
				"south": {"uv": [0, 9, 8, 11], "texture": "#0"},
				"west": {"uv": [0, 9, 8, 11], "texture": "#0"},
				"up": {"uv": [8, 8, 16, 16], "texture": "#0"},
				"down": {"uv": [8, 0, 16, 8], "texture": "#0"}
			}
		},
		{
			"from": [1, 10, 1],
			"to": [7, 12, 7],
			"rotation": {"angle": 0, "axis": "y", "origin": [4.5, -5.5, 3.5]},
			"faces": {
				"north": {"uv": [0, 9, 8, 11], "texture": "#0"},
				"east": {"uv": [0, 9, 8, 11], "texture": "#0"},
				"south": {"uv": [0, 9, 8, 11], "texture": "#0"},
				"west": {"uv": [0, 9, 8, 11], "texture": "#0"},
				"up": {"uv": [8, 8, 16, 16], "texture": "#0"},
				"down": {"uv": [8, 0, 16, 8], "texture": "#0"}
			}
		},
		{
			"from": [11, 0, 9],
			"to": [17, 2, 15],
			"rotation": {"angle": 0, "axis": "y", "origin": [14.5, -15.5, 11.5]},
			"faces": {
				"north": {"uv": [0, 9, 8, 11], "texture": "#0"},
				"east": {"uv": [0, 9, 8, 11], "texture": "#0"},
				"south": {"uv": [0, 9, 8, 11], "texture": "#0"},
				"west": {"uv": [0, 9, 8, 11], "texture": "#0"},
				"up": {"uv": [8, 8, 16, 16], "texture": "#0"},
				"down": {"uv": [8, 0, 16, 8], "texture": "#0"}
			}
		}
	],
	"display": {
		"thirdperson_righthand": {
			"rotation": [1, 45, 0],
			"translation": [0.5, 2.5, 1.75],
			"scale": [0.375, 0.375, 0.375]
		},
		"thirdperson_lefthand": {
			"rotation": [1, 45, 0],
			"translation": [0.5, 2.5, 1.75],
			"scale": [0.375, 0.375, 0.375]
		},
		"firstperson_righthand": {
			"rotation": [0, 45, 0],
			"translation": [2.75, 0.75, 0],
			"scale": [0.4, 0.4, 0.4]
		},
		"firstperson_lefthand": {
			"rotation": [0, 45, 0],
			"translation": [2.75, 0.75, 0],
			"scale": [0.4, 0.4, 0.4]
		},
		"ground": {
			"translation": [0, 3, 0],
			"scale": [0.25, 0.25, 0.25]
		},
		"gui": {
			"rotation": [30, 225, 0],
			"translation": [0, -0.75, 0],
			"scale": [0.625, 0.625, 0.625]
		},
		"head": {
			"translation": [0, 14.5, 2.5]
		},
		"fixed": {
			"rotation": [-90, 0, 0],
			"translation": [0, 0, -16.25],
			"scale": [2, 2, 2]
		}
	}
}