{
	"credit": "Made with Blockbench",
	"ambientocclusion": false,
	"textures": {
		"particle": "crying_coral_fan",
		"fan": "block/crying_coral_fan"
	},
	"elements": [
		{
			"from": [0, 8, 0],
			"to": [16, 8, 16],
			"shade": false,
			"rotation": {"angle": 22.5, "axis": "x", "origin": [8, 8, 14], "rescale": true},
			"faces": {
				"up": {"uv": [0, 0, 16, 16], "texture": "#fan"},
				"down": {"uv": [16, 16, 0, 0], "texture": "#fan"}
			}
		},
		{
			"from": [0, 8, 0],
			"to": [16, 8, 16],
			"shade": false,
			"rotation": {"angle": -22.5, "axis": "x", "origin": [8, 8, 14], "rescale": true},
			"faces": {
				"up": {"uv": [0, 0, 16, 16], "texture": "#fan"},
				"down": {"uv": [16, 16, 0, 0], "texture": "#fan"}
			}
		}
	],
	"display": {
		"thirdperson_righthand": {
			"rotation": [75, 45, 0],
			"translation": [0, 2.5, 0],
			"scale": [0.375, 0.375, 0.375]
		},
		"thirdperson_lefthand": {
			"rotation": [75, 45, 0],
			"translation": [0, 2.5, 0],
			"scale": [0.375, 0.375, 0.375]
		},
		"firstperson_righthand": {
			"rotation": [8.75, 16.25, 0],
			"translation": [0, 3.5, 0],
			"scale": [0.54, 0.54, 0.54]
		},
		"firstperson_lefthand": {
			"rotation": [8.75, 16.25, 0],
			"translation": [0, 3.5, 0],
			"scale": [0.54, 0.54, 0.54]
		},
		"ground": {
			"translation": [0, 3, 0],
			"scale": [0.38, 0.38, 0.38]
		},
		"gui": {
			"rotation": [30, 225, 0],
			"translation": [4.25, -1.75, 0],
			"scale": [1.1, 1.1, 1.1]
		},
		"fixed": {
			"translation": [0, 0, -14],
			"scale": [2, 2, 2]
		}
	}
}