{
	"credit": "Made with Blockbench",
	"ambientocclusion": false,
	"textures": {
		"particle": "dead_crying_coral_fan",
		"fan": "block/dead_crying_coral_fan"
	},
	"elements": [
		{
			"from": [8, 0, 0],
			"to": [24, 0, 16],
			"shade": false,
			"rotation": {"angle": 22.5, "axis": "z", "origin": [8, 0, 0]},
			"faces": {
				"up": {"uv": [0, 0, 16, 16], "rotation": 90, "texture": "#fan"},
				"down": {"uv": [0, 16, 16, 0], "rotation": 270, "texture": "#fan"}
			}
		},
		{
			"from": [-8, 0, 0],
			"to": [8, 0, 16],
			"shade": false,
			"rotation": {"angle": -22.5, "axis": "z", "origin": [8, 0, 0]},
			"faces": {
				"up": {"uv": [0, 0, 16, 16], "rotation": 270, "texture": "#fan"},
				"down": {"uv": [0, 16, 16, 0], "rotation": 90, "texture": "#fan"}
			}
		},
		{
			"from": [0, 0, 8],
			"to": [16, 0, 24],
			"shade": false,
			"rotation": {"angle": -22.5, "axis": "x", "origin": [0, 0, 8]},
			"faces": {
				"up": {"uv": [16, 16, 0, 0], "texture": "#fan"},
				"down": {"uv": [16, 0, 0, 16], "texture": "#fan"}
			}
		},
		{
			"from": [0, 0, -8],
			"to": [16, 0, 8],
			"shade": false,
			"rotation": {"angle": 22.5, "axis": "x", "origin": [0, 0, 8]},
			"faces": {
				"up": {"uv": [0, 0, 16, 16], "texture": "#fan"},
				"down": {"uv": [0, 16, 16, 0], "texture": "#fan"}
			}
		}
	],
	"display": {
		"thirdperson_righthand": {
			"rotation": [75, 45, 0],
			"translation": [0, 2.5, 0],
			"scale": [0.375, 0.375, 0.375]
		},
		"thirdperson_lefthand": {
			"rotation": [75, 45, 0],
			"translation": [0, 2.5, 0],
			"scale": [0.375, 0.375, 0.375]
		},
		"firstperson_righthand": {
			"rotation": [0, 45, 0],
			"translation": [0.75, 3.75, 0],
			"scale": [0.4, 0.4, 0.4]
		},
		"firstperson_lefthand": {
			"rotation": [0, 45, 0],
			"translation": [0.75, 3.75, 0],
			"scale": [0.4, 0.4, 0.4]
		},
		"ground": {
			"translation": [0, 3, 0],
			"scale": [0.37, 0.37, 0.37]
		},
		"gui": {
			"rotation": [30, 225, 0],
			"translation": [0, 5.25, 0],
			"scale": [1.04, 1.04, 1.04]
		},
		"head": {
			"translation": [0, 15.25, 0]
		},
		"fixed": {
			"rotation": [-90, 0, 0],
			"translation": [0, 0, -14],
			"scale": [2, 2, 2]
		}
	}
}