{
	"credit": "Made with Blockbench",
	"ambientocclusion": false,
	"textures": {
		"0": "block/magma_bloom",
		"particle": "block/magma_bloom"
	},
	"elements": [
		{
			"from": [4.5, 0, 4.5],
			"to": [11.5, 0, 11.5],
			"rotation": {"angle": 0, "axis": "y", "origin": [8, 0.5, 8]},
			"faces": {
				"north": {"uv": [0, 0, 5, 0], "texture": "#0"},
				"east": {"uv": [0, 0, 7, 0], "texture": "#0"},
				"south": {"uv": [0, 0, 5, 0], "texture": "#0"},
				"west": {"uv": [0, 0, 7, 0], "texture": "#0"},
				"up": {"uv": [0, 9, 7, 16], "texture": "#0"},
				"down": {"uv": [9, 0, 15, 6], "texture": "#0"}
			}
		},
		{
			"from": [7, 0, 8.75],
			"to": [9, 0, 11.5],
			"rotation": {"angle": 22.5, "axis": "x", "origin": [8, 0, 11.5]},
			"faces": {
				"north": {"uv": [0, 0, 5, 0], "texture": "#0"},
				"east": {"uv": [0, 0, 7, 0], "texture": "#0"},
				"south": {"uv": [0, 0, 5, 0], "texture": "#0"},
				"west": {"uv": [0, 0, 7, 0], "texture": "#0"},
				"up": {"uv": [10, 11, 13, 15], "texture": "#0"},
				"down": {"uv": [10, 11, 13, 15], "rotation": 270, "texture": "#0"}
			}
		},
		{
			"from": [4.5, 0, 6.95],
			"to": [7, 0, 8.95],
			"rotation": {"angle": 22.5, "axis": "z", "origin": [4.25, 0, 7.95]},
			"faces": {
				"north": {"uv": [0, 0, 7, 0], "texture": "#0"},
				"east": {"uv": [0, 0, 5, 0], "texture": "#0"},
				"south": {"uv": [0, 0, 7, 0], "texture": "#0"},
				"west": {"uv": [0, 0, 5, 0], "texture": "#0"},
				"up": {"uv": [10, 11, 13, 15], "rotation": 90, "texture": "#0"},
				"down": {"uv": [10, 11, 13, 15], "rotation": 270, "texture": "#0"}
			}
		},
		{
			"from": [7, 0, 4.5],
			"to": [9, 0, 7],
			"rotation": {"angle": -22.5, "axis": "x", "origin": [8, 0, 4.25]},
			"faces": {
				"north": {"uv": [0, 0, 5, 0], "texture": "#0"},
				"east": {"uv": [0, 0, 7, 0], "texture": "#0"},
				"south": {"uv": [0, 0, 5, 0], "texture": "#0"},
				"west": {"uv": [0, 0, 7, 0], "texture": "#0"},
				"up": {"uv": [10, 11, 13, 15], "rotation": 180, "texture": "#0"},
				"down": {"uv": [10, 11, 13, 15], "rotation": 270, "texture": "#0"}
			}
		},
		{
			"from": [9, 0, 6.9],
			"to": [11.5, 0, 8.9],
			"rotation": {"angle": -22.5, "axis": "z", "origin": [11.75, 0, 7.9]},
			"faces": {
				"north": {"uv": [0, 0, 7, 0], "texture": "#0"},
				"east": {"uv": [0, 0, 5, 0], "texture": "#0"},
				"south": {"uv": [0, 0, 7, 0], "texture": "#0"},
				"west": {"uv": [0, 0, 5, 0], "texture": "#0"},
				"up": {"uv": [10, 11, 13, 15], "rotation": 270, "texture": "#0"},
				"down": {"uv": [10, 11, 13, 15], "rotation": 270, "texture": "#0"}
			}
		},
		{
			"from": [4.5, -0.4, -4.6],
			"to": [11.5, -0.4, 4.4],
			"rotation": {"angle": 45, "axis": "x", "origin": [8, -0.4, 4.9]},
			"faces": {
				"north": {"uv": [0, 0, 5, 0], "texture": "#0"},
				"east": {"uv": [0, 0, 7, 0], "texture": "#0"},
				"south": {"uv": [0, 0, 5, 0], "texture": "#0"},
				"west": {"uv": [0, 0, 7, 0], "texture": "#0"},
				"up": {"uv": [0, 0, 7, 9], "texture": "#0"},
				"down": {"uv": [8, 0, 15, 9], "texture": "#0"}
			}
		},
		{
			"from": [4.5, -0.4, 11.6],
			"to": [11.5, -0.4, 20.6],
			"rotation": {"angle": -45, "axis": "x", "origin": [8, -0.4, 11.1]},
			"faces": {
				"north": {"uv": [0, 0, 5, 0], "texture": "#0"},
				"east": {"uv": [0, 0, 7, 0], "texture": "#0"},
				"south": {"uv": [0, 0, 5, 0], "texture": "#0"},
				"west": {"uv": [0, 0, 7, 0], "texture": "#0"},
				"up": {"uv": [0, 0, 7, 9], "rotation": 180, "texture": "#0"},
				"down": {"uv": [8, 0, 15, 9], "rotation": 180, "texture": "#0"}
			}
		},
		{
			"from": [-4.6, -0.4, 4.5],
			"to": [4.4, -0.4, 11.5],
			"rotation": {"angle": -45, "axis": "z", "origin": [4.9, -0.4, 8]},
			"faces": {
				"north": {"uv": [0, 0, 7, 0], "texture": "#0"},
				"east": {"uv": [0, 0, 5, 0], "texture": "#0"},
				"south": {"uv": [0, 0, 7, 0], "texture": "#0"},
				"west": {"uv": [0, 0, 5, 0], "texture": "#0"},
				"up": {"uv": [0, 0, 7, 9], "rotation": 270, "texture": "#0"},
				"down": {"uv": [8, 0, 15, 9], "rotation": 90, "texture": "#0"}
			}
		},
		{
			"from": [11.6, -0.4, 4.4],
			"to": [20.6, -0.4, 11.4],
			"rotation": {"angle": 45, "axis": "z", "origin": [11.1, -0.4, 7.9]},
			"faces": {
				"north": {"uv": [0, 0, 7, 0], "texture": "#0"},
				"east": {"uv": [0, 0, 5, 0], "texture": "#0"},
				"south": {"uv": [0, 0, 7, 0], "texture": "#0"},
				"west": {"uv": [0, 0, 5, 0], "texture": "#0"},
				"up": {"uv": [0, 0, 7, 9], "rotation": 90, "texture": "#0"},
				"down": {"uv": [8, 0, 15, 9], "rotation": 270, "texture": "#0"}
			}
		}
	],
	"display": {
		"thirdperson_righthand": {
			"translation": [0, 4.5, 1.5],
			"scale": [0.55, 0.55, 0.55]
		},
		"thirdperson_lefthand": {
			"translation": [0, 4.5, 1.5],
			"scale": [0.55, 0.55, 0.55]
		},
		"firstperson_righthand": {
			"rotation": [-39.5, -130, -45.25],
			"translation": [1.13, 6.2, 1.13],
			"scale": [0.68, 0.68, 0.68]
		},
		"firstperson_lefthand": {
			"rotation": [-39.5, -130, -45.25],
			"translation": [1.13, 6.2, 1.13],
			"scale": [0.68, 0.68, 0.68]
		},
		"ground": {
			"translation": [0, 2, 0],
			"scale": [0.5, 0.5, 0.5]
		},
		"gui": {
			"rotation": [85, -180, 0],
			"translation": [0, 0.25, 0],
			"scale": [0.69, 0.69, 0.69]
		},
		"head": {
			"rotation": [0, 180, 0],
			"translation": [0, 15.25, 1]
		},
		"fixed": {
			"rotation": [-90, 180, 0],
			"translation": [0, 0, -15],
			"scale": [2, 2, 2]
		}
	}
}