{
	"credit": "Made with Blockbench",
	"ambientocclusion": false,
	"textures": {
		"0": "block/crimson_iris",
		"particle": "block/crimson_iris"
	},
	"elements": [
		{
			"from": [7.2, 0, 8.2],
			"to": [7.8, 8.6, 8.8],
			"rotation": {"angle": 45, "axis": "x", "origin": [7.5, 0.45, 8.5]},
			"faces": {
				"north": {"uv": [14, 2, 14.6, 10.6], "texture": "#0"},
				"east": {"uv": [15, 2, 15.6, 10.6], "texture": "#0"},
				"south": {"uv": [11, 2, 11.6, 10.6], "texture": "#0"},
				"west": {"uv": [11, 2, 11.6, 10.6], "texture": "#0"},
				"up": {"uv": [12, 0, 13, 1], "texture": "#0"},
				"down": {"uv": [12, 11, 13, 12], "texture": "#0"}
			}
		},
		{
			"from": [3, 8.6, 4],
			"to": [12, 8.6, 13],
			"rotation": {"angle": 45, "axis": "x", "origin": [7.5, 0.45, 8.5]},
			"faces": {
				"north": {"uv": [0, 0, 1, 0], "texture": "#missing"},
				"east": {"uv": [0, 0, 1, 0], "texture": "#missing"},
				"south": {"uv": [0, 0, 1, 0], "texture": "#missing"},
				"west": {"uv": [0, 0, 1, 0], "texture": "#missing"},
				"up": {"uv": [0, 0, 9, 9], "texture": "#0"},
				"down": {"uv": [0, 0, 9, 9], "texture": "#0"}
			}
		},
		{
			"from": [7.2, 0, 8.2],
			"to": [7.8, 8.6, 8.8],
			"rotation": {"angle": -45, "axis": "x", "origin": [7.5, 0.45, 8.5]},
			"faces": {
				"north": {"uv": [14, 2, 14.6, 10.6], "texture": "#0"},
				"east": {"uv": [15, 2, 15.6, 10.6], "texture": "#0"},
				"south": {"uv": [11, 2, 11.6, 10.6], "texture": "#0"},
				"west": {"uv": [11, 2, 11.6, 10.6], "texture": "#0"},
				"up": {"uv": [12, 0, 13, 1], "texture": "#0"},
				"down": {"uv": [12, 11, 13, 12], "texture": "#0"}
			}
		},
		{
			"from": [3, 8.6, 4],
			"to": [12, 8.6, 13],
			"rotation": {"angle": -45, "axis": "x", "origin": [7.5, 0.45, 8.5]},
			"faces": {
				"north": {"uv": [0, 0, 1, 0], "texture": "#missing"},
				"east": {"uv": [0, 0, 1, 0], "texture": "#missing"},
				"south": {"uv": [0, 0, 1, 0], "texture": "#missing"},
				"west": {"uv": [0, 0, 1, 0], "texture": "#missing"},
				"up": {"uv": [0, 0, 9, 9], "texture": "#0"},
				"down": {"uv": [0, 0, 9, 9], "texture": "#0"}
			}
		},
		{
			"from": [7.2, 0, 8.2],
			"to": [7.8, 8.6, 8.8],
			"rotation": {"angle": -45, "axis": "z", "origin": [7.5, 0.45, 8.5]},
			"faces": {
				"north": {"uv": [14, 2, 14.6, 10.6], "texture": "#0"},
				"east": {"uv": [15, 2, 15.6, 10.6], "texture": "#0"},
				"south": {"uv": [11, 2, 11.6, 10.6], "texture": "#0"},
				"west": {"uv": [11, 2, 11.6, 10.6], "texture": "#0"},
				"up": {"uv": [12, 0, 13, 1], "texture": "#0"},
				"down": {"uv": [12, 11, 13, 12], "texture": "#0"}
			}
		},
		{
			"from": [3, 8.6, 4],
			"to": [12, 8.6, 13],
			"rotation": {"angle": -45, "axis": "z", "origin": [7.5, 0.45, 8.5]},
			"faces": {
				"north": {"uv": [0, 0, 1, 0], "texture": "#missing"},
				"east": {"uv": [0, 0, 1, 0], "texture": "#missing"},
				"south": {"uv": [0, 0, 1, 0], "texture": "#missing"},
				"west": {"uv": [0, 0, 1, 0], "texture": "#missing"},
				"up": {"uv": [0, 0, 9, 9], "texture": "#0"},
				"down": {"uv": [0, 0, 9, 9], "texture": "#0"}
			}
		},
		{
			"from": [-0.65, 0.15, 8.2],
			"to": [7.95, 0.75, 8.8],
			"rotation": {"angle": -45, "axis": "z", "origin": [7.5, 0.45, 8.5]},
			"faces": {
				"north": {"uv": [14, 2, 14.6, 10.6], "rotation": 90, "texture": "#0"},
				"east": {"uv": [12, 11, 13, 12], "rotation": 270, "texture": "#0"},
				"south": {"uv": [11, 2, 11.6, 10.6], "rotation": 270, "texture": "#0"},
				"west": {"uv": [12, 0, 13, 1], "rotation": 270, "texture": "#0"},
				"up": {"uv": [15, 2, 15.6, 10.6], "rotation": 270, "texture": "#0"},
				"down": {"uv": [11, 2, 11.6, 10.6], "rotation": 270, "texture": "#0"}
			}
		},
		{
			"from": [-0.65, -4.05, 4],
			"to": [-0.65, 4.95, 13],
			"rotation": {"angle": -45, "axis": "z", "origin": [7.5, 0.45, 8.5]},
			"faces": {
				"north": {"uv": [0, 0, 1, 0], "rotation": 90, "texture": "#missing"},
				"east": {"uv": [0, 0, 9, 9], "rotation": 270, "texture": "#0"},
				"south": {"uv": [0, 0, 1, 0], "rotation": 270, "texture": "#missing"},
				"west": {"uv": [0, 0, 9, 9], "rotation": 270, "texture": "#0"},
				"up": {"uv": [0, 0, 1, 0], "rotation": 270, "texture": "#missing"},
				"down": {"uv": [0, 0, 1, 0], "rotation": 270, "texture": "#missing"}
			}
		},
		{
			"from": [7.2, 1, 8.2],
			"to": [7.8, 10.6, 8.8],
			"rotation": {"angle": 0, "axis": "z", "origin": [7.5, 0.45, 8.5]},
			"faces": {
				"north": {"uv": [14, 2, 14.6, 10.6], "texture": "#0"},
				"east": {"uv": [15, 2, 15.6, 11.6], "texture": "#0"},
				"south": {"uv": [11, 2, 11.6, 11.6], "texture": "#0"},
				"west": {"uv": [11, 2, 11.6, 11.6], "texture": "#0"},
				"up": {"uv": [12, 0, 12.6, 0.6], "texture": "#0"},
				"down": {"uv": [12, 11, 13, 12], "texture": "#0"}
			}
		},
		{
			"from": [3, 10.6, 4],
			"to": [12, 10.6, 13],
			"rotation": {"angle": 0, "axis": "z", "origin": [7.5, 0.45, 8.5]},
			"faces": {
				"north": {"uv": [0, 0, 1, 0], "texture": "#missing"},
				"east": {"uv": [0, 0, 1, 0], "texture": "#missing"},
				"south": {"uv": [0, 0, 1, 0], "texture": "#missing"},
				"west": {"uv": [0, 0, 1, 0], "texture": "#missing"},
				"up": {"uv": [0, 0, 9, 9], "texture": "#0"},
				"down": {"uv": [0, 0, 9, 9], "texture": "#0"}
			}
		}
	],
	"display": {
		"thirdperson_righthand": {
			"translation": [0.25, 3, 1.25],
			"scale": [0.44, 0.44, 0.44]
		},
		"thirdperson_lefthand": {
			"translation": [0.25, 3, 1.25],
			"scale": [0.44, 0.44, 0.44]
		},
		"firstperson_righthand": {
			"rotation": [0, -90, 25],
			"translation": [3.88, 3.7, 1.13],
			"scale": [0.68, 0.68, 0.68]
		},
		"firstperson_lefthand": {
			"rotation": [0, -90, 25],
			"translation": [3.88, 3.7, 1.13],
			"scale": [0.68, 0.68, 0.68]
		},
		"ground": {
			"translation": [0, 5, 0],
			"scale": [0.65, 0.65, 0.65]
		},
		"gui": {
			"rotation": [56.25, 225, 0],
			"translation": [0, 1.5, 0],
			"scale": [1.05, 1.05, 1.05]
		},
		"head": {
			"rotation": [0, 180, 0],
			"translation": [0, 13, 0.25]
		},
		"fixed": {
			"rotation": [-90, -135, 0],
			"translation": [0, 0, -14.25],
			"scale": [2, 2, 2]
		}
	},
	"groups": [
		{
			"name": "group",
			"origin": [15, 19.85, 16],
			"children": [0, 1]
		},
		{
			"name": "group",
			"origin": [15, 19.85, 16],
			"children": [2, 3]
		},
		{
			"name": "group",
			"origin": [15, 19.85, 16],
			"children": [4, 5]
		},
		{
			"name": "group",
			"origin": [15, 19.85, 16],
			"children": [6, 7]
		},
		{
			"name": "group",
			"origin": [15, 19.85, 16],
			"children": [8, 9]
		}
	]
}