
{
  "ID": 68,
  "Name": "Marsh",
  "Resource Location": "biomesoplenty:marsh",
  "Class": "biomesoplenty.common.biome.overworld.BiomeGenMarsh",
  "Root Height": -0.1764706,
  "Height Variation": 0.0,
  "Top Block": "biomesoplenty:grass[snowy\u003dfalse,variant\u003dloamy]",
  "Filler Block": "biomesoplenty:dirt[coarse\u003dfalse,variant\u003dloamy]",
  "Ocean Top Block": "Disabled. Activate in BiomeTweakerCore.",
  "Ocean Filler Block": "Disabled. Activate in BiomeTweakerCore.",
  "Actual Filler Blocks": "Disabled. Activate in BiomeTweakerCore.",
  "Grass Color": "Disabled. Activate in BiomeTweakerCore.",
  "Foliage Color": "Disabled. Activate in BiomeTweakerCore.",
  "Water Color": "16777215",
  "Temperature": 0.6,
  "Humidity": 0.8,
  "Water Tint": 16777215,
  "Enable Rain": true,
  "Enable Snow": false,
  "Dictionary Types": [
    "LUSH",
    "WET"
  ],
  "BiomeManager Entries": {},
  "Spawnable Creatures": [
    {
      "Entity Class": "epicsquid.mysticalworld.entity.EntitySprout",
      "Weight": 2,
      "Min Group Count": 2,
      "Max Group Count": 4
    },
    {
      "Entity Class": "org.zawamod.entity.land.EntityAsianElephant",
      "Weight": 12,
      "Min Group Count": 3,
      "Max Group Count": 5
    },
    {
      "Entity Class": "org.zawamod.entity.land.EntityBlackSpiderMonkey",
      "Weight": 18,
      "Min Group Count": 3,
      "Max Group Count": 5
    },
    {
      "Entity Class": "org.zawamod.entity.land.EntityFijiBandedIguana",
      "Weight": 5,
      "Min Group Count": 1,
      "Max Group Count": 1
    },
    {
      "Entity Class": "org.zawamod.entity.land.EntityGaur",
      "Weight": 5,
      "Min Group Count": 2,
      "Max Group Count": 5
    },
    {
      "Entity Class": "org.zawamod.entity.land.EntityGreenAnaconda",
      "Weight": 10,
      "Min Group Count": 1,
      "Max Group Count": 1
    },
    {
      "Entity Class": "org.zawamod.entity.land.EntityIndianGharial",
      "Weight": 10,
      "Min Group Count": 1,
      "Max Group Count": 1
    },
    {
      "Entity Class": "org.zawamod.entity.land.EntityIndianPangolin",
      "Weight": 15,
      "Min Group Count": 1,
      "Max Group Count": 1
    },
    {
      "Entity Class": "org.zawamod.entity.land.EntityKoala",
      "Weight": 20,
      "Min Group Count": 1,
      "Max Group Count": 1
    },
    {
      "Entity Class": "org.zawamod.entity.land.EntityLowlandGorilla",
      "Weight": 9,
      "Min Group Count": 2,
      "Max Group Count": 6
    },
    {
      "Entity Class": "org.zawamod.entity.flying.EntityMacaw",
      "Weight": 12,
      "Min Group Count": 2,
      "Max Group Count": 6
    },
    {
      "Entity Class": "org.zawamod.entity.flying.EntityToucan",
      "Weight": 10,
      "Min Group Count": 4,
      "Max Group Count": 6
    },
    {
      "Entity Class": "org.zawamod.entity.land.EntityTreeFrog",
      "Weight": 25,
      "Min Group Count": 2,
      "Max Group Count": 4
    },
    {
      "Entity Class": "org.zawamod.entity.npc.EntityFeedTrader",
      "Weight": 3,
      "Min Group Count": 0,
      "Max Group Count": 1
    },
    {
      "Entity Class": "org.zawamod.entity.npc.EntityZooKeeper",
      "Weight": 3,
      "Min Group Count": 0,
      "Max Group Count": 1
    },
    {
      "Entity Class": "org.zawamod.entity.land.EntityBrownRat",
      "Weight": 6,
      "Min Group Count": 2,
      "Max Group Count": 5
    },
    {
      "Entity Class": "org.zawamod.entity.npc.EntityPoacher",
      "Weight": 3,
      "Min Group Count": 0,
      "Max Group Count": 1
    }
  ],
  "Spawnable Monsters": [
    {
      "Entity Class": "net.minecraft.entity.monster.EntitySpider",
      "Weight": 100,
      "Min Group Count": 4,
      "Max Group Count": 4
    },
    {
      "Entity Class": "net.minecraft.entity.monster.EntityZombie",
      "Weight": 95,
      "Min Group Count": 4,
      "Max Group Count": 4
    },
    {
      "Entity Class": "net.minecraft.entity.monster.EntityZombieVillager",
      "Weight": 5,
      "Min Group Count": 1,
      "Max Group Count": 1
    },
    {
      "Entity Class": "net.minecraft.entity.monster.EntitySkeleton",
      "Weight": 100,
      "Min Group Count": 4,
      "Max Group Count": 4
    },
    {
      "Entity Class": "net.minecraft.entity.monster.EntityCreeper",
      "Weight": 100,
      "Min Group Count": 4,
      "Max Group Count": 4
    },
    {
      "Entity Class": "net.minecraft.entity.monster.EntitySlime",
      "Weight": 100,
      "Min Group Count": 4,
      "Max Group Count": 4
    },
    {
      "Entity Class": "net.minecraft.entity.monster.EntityEnderman",
      "Weight": 10,
      "Min Group Count": 1,
      "Max Group Count": 4
    },
    {
      "Entity Class": "net.minecraft.entity.monster.EntityWitch",
      "Weight": 5,
      "Min Group Count": 1,
      "Max Group Count": 1
    },
    {
      "Entity Class": "net.minecraft.entity.monster.EntitySlime",
      "Weight": 10,
      "Min Group Count": 1,
      "Max Group Count": 3
    },
    {
      "Entity Class": "me.swirtzly.angels.common.entities.EntityWeepingAngel",
      "Weight": 5,
      "Min Group Count": 1,
      "Max Group Count": 4
    },
    {
      "Entity Class": "com.bobmowzie.mowziesmobs.server.entity.grottol.EntityGrottol",
      "Weight": 2,
      "Min Group Count": 1,
      "Max Group Count": 1
    }
  ],
  "Spawnable Water Creatures": [],
  "Spawnable Cave Creatures": [
    {
      "Entity Class": "familiarfauna.entities.EntityDragonfly",
      "Weight": 1,
      "Min Group Count": 1,
      "Max Group Count": 2
    },
    {
      "Entity Class": "ladysnake.lumen.common.entities.EntityFirefly",
      "Weight": 50,
      "Min Group Count": 0,
      "Max Group Count": 40
    },
    {
      "Entity Class": "ladysnake.lumen.common.entities.EntityLightningBug",
      "Weight": 50,
      "Min Group Count": 0,
      "Max Group Count": 40
    },
    {
      "Entity Class": "vibrantjourneys.entities.passive.EntitySmallSpider",
      "Weight": 0,
      "Min Group Count": 1,
      "Max Group Count": 6
    }
  ],
  "Spawn Biome": false,
  "Tweaked": true,
  "BOP Generators": {
    "LILYPAD Generators": [
      {
        "ID": "flora",
        "Name": "algae"
      },
      {
        "ID": "flora",
        "Name": "water_reeds"
      }
    ],
    "FLOWERS Generators": [
      {
        "ID": "flora",
        "Name": "glowshrooms"
      },
      {
        "ID": "flora",
        "Name": "miners_delight"
      },
      {
        "ID": "flora",
        "Name": "koru"
      },
      {
        "ID": "flora",
        "Name": "roots"
      }
    ],
    "GRASS Generators": [
      {
        "ID": "weighted",
        "Name": "grass"
      }
    ],
    "SAND Generators": [
      {
        "ID": "lakes",
        "Name": "lakes"
      },
      {
        "ID": "ore_single",
        "Name": "malachite"
      }
    ]
  },
  "BOP Owner": "BIOMESOPLENTY",
  "BOP Weight Map": {
    "WET_TEMPERATE": 7
  },
  "BOP Climate Weights": {
    "WET_TEMPERATE": [
      7
    ]
  },
  "BOP Island Weight": 0
}