
{
  "ID": 14,
  "Name": "MushroomIsland",
  "Resource Location": "minecraft:mushroom_island",
  "Class": "net.minecraft.world.biome.BiomeMushroomIsland",
  "Root Height": 0.2,
  "Height Variation": 0.3,
  "Top Block": "minecraft:mycelium[snowy\u003dfalse]",
  "Filler Block": "minecraft:dirt[snowy\u003dfalse,variant\u003ddirt]",
  "Ocean Top Block": "Disabled. Activate in BiomeTweakerCore.",
  "Ocean Filler Block": "Disabled. Activate in BiomeTweakerCore.",
  "Actual Filler Blocks": "Disabled. Activate in BiomeTweakerCore.",
  "Grass Color": "Disabled. Activate in BiomeTweakerCore.",
  "Foliage Color": "Disabled. Activate in BiomeTweakerCore.",
  "Water Color": "16777215",
  "Temperature": 0.9,
  "Humidity": 1.0,
  "Water Tint": 16777215,
  "Enable Rain": true,
  "Enable Snow": false,
  "Dictionary Types": [
    "MUSHROOM",
    "RARE"
  ],
  "BiomeManager Entries": {},
  "Spawnable Creatures": [
    {
      "Entity Class": "net.minecraft.entity.passive.EntityMooshroom",
      "Weight": 8,
      "Min Group Count": 4,
      "Max Group Count": 8
    },
    {
      "Entity Class": "com.animania.addons.farm.common.entity.cows.CowMooshroom$EntityCowMooshroom",
      "Weight": 9,
      "Min Group Count": 2,
      "Max Group Count": 2
    },
    {
      "Entity Class": "org.zawamod.entity.npc.EntityFeedTrader",
      "Weight": 3,
      "Min Group Count": 0,
      "Max Group Count": 1
    },
    {
      "Entity Class": "org.zawamod.entity.npc.EntityZooKeeper",
      "Weight": 3,
      "Min Group Count": 0,
      "Max Group Count": 1
    },
    {
      "Entity Class": "org.zawamod.entity.land.EntityBrownRat",
      "Weight": 6,
      "Min Group Count": 2,
      "Max Group Count": 5
    },
    {
      "Entity Class": "org.zawamod.entity.npc.EntityPoacher",
      "Weight": 3,
      "Min Group Count": 0,
      "Max Group Count": 1
    }
  ],
  "Spawnable Monsters": [
    {
      "Entity Class": "me.swirtzly.angels.common.entities.EntityWeepingAngel",
      "Weight": 5,
      "Min Group Count": 1,
      "Max Group Count": 4
    },
    {
      "Entity Class": "com.bobmowzie.mowziesmobs.server.entity.grottol.EntityGrottol",
      "Weight": 2,
      "Min Group Count": 1,
      "Max Group Count": 1
    }
  ],
  "Spawnable Water Creatures": [],
  "Spawnable Cave Creatures": [
    {
      "Entity Class": "vibrantjourneys.entities.passive.EntitySmallSpider",
      "Weight": 0,
      "Min Group Count": 1,
      "Max Group Count": 6
    }
  ],
  "Spawn Biome": false,
  "Tweaked": true,
  "BOP Generators": {
    "FLOWERS Generators": [
      {
        "ID": "flora",
        "Name": "glowshrooms"
      },
      {
        "ID": "flora",
        "Name": "miners_delight"
      },
      {
        "ID": "flora",
        "Name": "roots"
      }
    ],
    "SAND Generators": [
      {
        "ID": "ore_single",
        "Name": "sapphire"
      }
    ],
    "SHROOM Generators": [
      {
        "ID": "flora",
        "Name": "blue_milk_caps"
      },
      {
        "ID": "flora",
        "Name": "glowshrooms_surface"
      },
      {
        "ID": "flora",
        "Name": "portobellos"
      },
      {
        "ID": "flora",
        "Name": "flat_mushroom"
      },
      {
        "ID": "flora",
        "Name": "toadstools"
      }
    ]
  },
  "BOP Owner": "OTHER",
  "BOP Weight Map": {},
  "BOP Climate Weights": {},
  "BOP Island Weight": 0
}