
{
  "ID": 75,
  "Name": "Outback",
  "Resource Location": "biomesoplenty:outback",
  "Class": "biomesoplenty.common.biome.overworld.BiomeGenOutback",
  "Root Height": 0.4117647,
  "Height Variation": 0.118750006,
  "Top Block": "minecraft:sand[variant\u003dred_sand]",
  "Filler Block": "minecraft:sand[variant\u003dred_sand]",
  "Ocean Top Block": "Disabled. Activate in BiomeTweakerCore.",
  "Ocean Filler Block": "Disabled. Activate in BiomeTweakerCore.",
  "Actual Filler Blocks": "Disabled. Activate in BiomeTweakerCore.",
  "Grass Color": "Disabled. Activate in BiomeTweakerCore.",
  "Foliage Color": "Disabled. Activate in BiomeTweakerCore.",
  "Water Color": "16777215",
  "Temperature": 2.0,
  "Humidity": 0.05,
  "Water Tint": 16777215,
  "Enable Rain": false,
  "Enable Snow": false,
  "Dictionary Types": [
    "SPARSE",
    "HOT",
    "DRY",
    "SANDY",
    "SAVANNA"
  ],
  "BiomeManager Entries": {},
  "Spawnable Creatures": [
    {
      "Entity Class": "net.minecraft.entity.passive.EntityRabbit",
      "Weight": 4,
      "Min Group Count": 2,
      "Max Group Count": 3
    },
    {
      "Entity Class": "com.animania.addons.extra.common.entity.rodents.EntityHamster",
      "Weight": 8,
      "Min Group Count": 1,
      "Max Group Count": 3
    },
    {
      "Entity Class": "com.animania.addons.extra.common.entity.rodents.EntityFerretGrey",
      "Weight": 8,
      "Min Group Count": 1,
      "Max Group Count": 3
    },
    {
      "Entity Class": "com.animania.addons.extra.common.entity.rodents.EntityFerretWhite",
      "Weight": 8,
      "Min Group Count": 1,
      "Max Group Count": 3
    },
    {
      "Entity Class": "com.animania.addons.extra.common.entity.rodents.rabbits.RabbitChinchilla$EntityRabbitDoeChinchilla",
      "Weight": 8,
      "Min Group Count": 2,
      "Max Group Count": 2
    },
    {
      "Entity Class": "com.animania.addons.extra.common.entity.rodents.rabbits.RabbitJack$EntityRabbitDoeJack",
      "Weight": 8,
      "Min Group Count": 2,
      "Max Group Count": 2
    },
    {
      "Entity Class": "com.animania.addons.extra.common.entity.rodents.rabbits.RabbitRex$EntityRabbitDoeRex",
      "Weight": 8,
      "Min Group Count": 2,
      "Max Group Count": 2
    },
    {
      "Entity Class": "com.animania.addons.farm.common.entity.horses.HorseDraft$EntityMareDraftHorse",
      "Weight": 8,
      "Min Group Count": 1,
      "Max Group Count": 2
    },
    {
      "Entity Class": "com.animania.addons.farm.common.entity.cows.CowLonghorn$EntityCowLonghorn",
      "Weight": 9,
      "Min Group Count": 2,
      "Max Group Count": 2
    },
    {
      "Entity Class": "com.animania.addons.farm.common.entity.goats.GoatKinder$EntityDoeKinder",
      "Weight": 8,
      "Min Group Count": 2,
      "Max Group Count": 2
    },
    {
      "Entity Class": "com.animania.addons.farm.common.entity.goats.GoatNigerianDwarf$EntityDoeNigerianDwarf",
      "Weight": 8,
      "Min Group Count": 2,
      "Max Group Count": 2
    },
    {
      "Entity Class": "com.animania.addons.farm.common.entity.goats.GoatPygmy$EntityDoePygmy",
      "Weight": 8,
      "Min Group Count": 2,
      "Max Group Count": 2
    },
    {
      "Entity Class": "com.animania.addons.farm.common.entity.sheep.SheepSuffolk$EntityEweSuffolk",
      "Weight": 8,
      "Min Group Count": 2,
      "Max Group Count": 3
    },
    {
      "Entity Class": "com.animania.addons.farm.common.entity.sheep.SheepDorper$EntityEweDorper",
      "Weight": 8,
      "Min Group Count": 2,
      "Max Group Count": 3
    },
    {
      "Entity Class": "drzhark.mocreatures.entity.passive.MoCEntityElephant",
      "Weight": 4,
      "Min Group Count": 1,
      "Max Group Count": 1
    },
    {
      "Entity Class": "drzhark.mocreatures.entity.passive.MoCEntityOstrich",
      "Weight": 4,
      "Min Group Count": 1,
      "Max Group Count": 1
    },
    {
      "Entity Class": "drzhark.mocreatures.entity.passive.MoCEntitySnake",
      "Weight": 8,
      "Min Group Count": 1,
      "Max Group Count": 2
    },
    {
      "Entity Class": "com.ikerleon.birdwmod.entity.europe.EntityRedNeckedNightjar",
      "Weight": 10,
      "Min Group Count": 1,
      "Max Group Count": 2
    },
    {
      "Entity Class": "org.zawamod.entity.land.EntityAfricanLion",
      "Weight": 8,
      "Min Group Count": 2,
      "Max Group Count": 4
    },
    {
      "Entity Class": "org.zawamod.entity.land.EntityAsianElephant",
      "Weight": 12,
      "Min Group Count": 3,
      "Max Group Count": 5
    },
    {
      "Entity Class": "org.zawamod.entity.land.EntityBlackRhinoceros",
      "Weight": 20,
      "Min Group Count": 1,
      "Max Group Count": 1
    },
    {
      "Entity Class": "org.zawamod.entity.flying.EntityCockatoo",
      "Weight": 10,
      "Min Group Count": 3,
      "Max Group Count": 6
    },
    {
      "Entity Class": "org.zawamod.entity.land.EntityFijiBandedIguana",
      "Weight": 5,
      "Min Group Count": 1,
      "Max Group Count": 1
    },
    {
      "Entity Class": "org.zawamod.entity.land.EntityGreenAnaconda",
      "Weight": 10,
      "Min Group Count": 1,
      "Max Group Count": 1
    },
    {
      "Entity Class": "org.zawamod.entity.land.EntityGrevysZebra",
      "Weight": 20,
      "Min Group Count": 3,
      "Max Group Count": 5
    },
    {
      "Entity Class": "org.zawamod.entity.land.EntityIndianPangolin",
      "Weight": 15,
      "Min Group Count": 1,
      "Max Group Count": 1
    },
    {
      "Entity Class": "org.zawamod.entity.land.EntityKoala",
      "Weight": 20,
      "Min Group Count": 1,
      "Max Group Count": 1
    },
    {
      "Entity Class": "org.zawamod.entity.flying.EntityMacaw",
      "Weight": 12,
      "Min Group Count": 2,
      "Max Group Count": 6
    },
    {
      "Entity Class": "org.zawamod.entity.land.EntityMeerkat",
      "Weight": 30,
      "Min Group Count": 3,
      "Max Group Count": 5
    },
    {
      "Entity Class": "org.zawamod.entity.land.EntityRedKangaroo",
      "Weight": 12,
      "Min Group Count": 2,
      "Max Group Count": 5
    },
    {
      "Entity Class": "org.zawamod.entity.land.EntityRedPanda",
      "Weight": 4,
      "Min Group Count": 1,
      "Max Group Count": 2
    },
    {
      "Entity Class": "org.zawamod.entity.land.EntityReticulatedGiraffe",
      "Weight": 5,
      "Min Group Count": 2,
      "Max Group Count": 4
    },
    {
      "Entity Class": "org.zawamod.entity.flying.EntityToucan",
      "Weight": 10,
      "Min Group Count": 4,
      "Max Group Count": 6
    },
    {
      "Entity Class": "org.zawamod.entity.land.EntityTreeFrog",
      "Weight": 25,
      "Min Group Count": 2,
      "Max Group Count": 4
    },
    {
      "Entity Class": "org.zawamod.entity.npc.EntityFeedTrader",
      "Weight": 3,
      "Min Group Count": 0,
      "Max Group Count": 1
    },
    {
      "Entity Class": "org.zawamod.entity.npc.EntityZooKeeper",
      "Weight": 3,
      "Min Group Count": 0,
      "Max Group Count": 1
    },
    {
      "Entity Class": "org.zawamod.entity.land.EntityAfricanElephant",
      "Weight": 12,
      "Min Group Count": 3,
      "Max Group Count": 5
    },
    {
      "Entity Class": "org.zawamod.entity.land.EntityBrazilianTapir",
      "Weight": 25,
      "Min Group Count": 3,
      "Max Group Count": 5
    },
    {
      "Entity Class": "org.zawamod.entity.land.EntityBrownRat",
      "Weight": 6,
      "Min Group Count": 2,
      "Max Group Count": 5
    },
    {
      "Entity Class": "org.zawamod.entity.land.EntityCoati",
      "Weight": 15,
      "Min Group Count": 2,
      "Max Group Count": 4
    },
    {
      "Entity Class": "org.zawamod.entity.land.EntityGalapagosTortoise",
      "Weight": 10,
      "Min Group Count": 2,
      "Max Group Count": 3
    },
    {
      "Entity Class": "org.zawamod.entity.land.EntityGilaMonster",
      "Weight": 15,
      "Min Group Count": 1,
      "Max Group Count": 3
    },
    {
      "Entity Class": "org.zawamod.entity.flying.EntityGreatHornedOwl",
      "Weight": 9,
      "Min Group Count": 1,
      "Max Group Count": 3
    },
    {
      "Entity Class": "org.zawamod.entity.land.EntityJaguar",
      "Weight": 10,
      "Min Group Count": 1,
      "Max Group Count": 3
    },
    {
      "Entity Class": "org.zawamod.entity.land.EntityKomodoDragon",
      "Weight": 15,
      "Min Group Count": 2,
      "Max Group Count": 4
    },
    {
      "Entity Class": "org.zawamod.entity.land.EntityRattleSnake",
      "Weight": 8,
      "Min Group Count": 1,
      "Max Group Count": 2
    },
    {
      "Entity Class": "org.zawamod.entity.npc.EntityPoacher",
      "Weight": 3,
      "Min Group Count": 0,
      "Max Group Count": 1
    }
  ],
  "Spawnable Monsters": [
    {
      "Entity Class": "net.minecraft.entity.monster.EntitySpider",
      "Weight": 100,
      "Min Group Count": 4,
      "Max Group Count": 4
    },
    {
      "Entity Class": "net.minecraft.entity.monster.EntityZombie",
      "Weight": 95,
      "Min Group Count": 4,
      "Max Group Count": 4
    },
    {
      "Entity Class": "net.minecraft.entity.monster.EntityZombieVillager",
      "Weight": 5,
      "Min Group Count": 1,
      "Max Group Count": 1
    },
    {
      "Entity Class": "net.minecraft.entity.monster.EntitySkeleton",
      "Weight": 100,
      "Min Group Count": 4,
      "Max Group Count": 4
    },
    {
      "Entity Class": "net.minecraft.entity.monster.EntityCreeper",
      "Weight": 100,
      "Min Group Count": 4,
      "Max Group Count": 4
    },
    {
      "Entity Class": "net.minecraft.entity.monster.EntitySlime",
      "Weight": 100,
      "Min Group Count": 4,
      "Max Group Count": 4
    },
    {
      "Entity Class": "net.minecraft.entity.monster.EntityEnderman",
      "Weight": 10,
      "Min Group Count": 1,
      "Max Group Count": 4
    },
    {
      "Entity Class": "net.minecraft.entity.monster.EntityWitch",
      "Weight": 5,
      "Min Group Count": 1,
      "Max Group Count": 1
    },
    {
      "Entity Class": "drzhark.mocreatures.entity.monster.MoCEntityGolem",
      "Weight": 3,
      "Min Group Count": 1,
      "Max Group Count": 1
    },
    {
      "Entity Class": "drzhark.mocreatures.entity.monster.MoCEntityCaveOgre",
      "Weight": 5,
      "Min Group Count": 1,
      "Max Group Count": 2
    },
    {
      "Entity Class": "drzhark.mocreatures.entity.monster.MoCEntityFireOgre",
      "Weight": 6,
      "Min Group Count": 1,
      "Max Group Count": 2
    },
    {
      "Entity Class": "drzhark.mocreatures.entity.monster.MoCEntityFlameWraith",
      "Weight": 5,
      "Min Group Count": 1,
      "Max Group Count": 2
    },
    {
      "Entity Class": "drzhark.mocreatures.entity.monster.MoCEntityGreenOgre",
      "Weight": 8,
      "Min Group Count": 1,
      "Max Group Count": 2
    },
    {
      "Entity Class": "drzhark.mocreatures.entity.monster.MoCEntityHorseMob",
      "Weight": 8,
      "Min Group Count": 1,
      "Max Group Count": 3
    },
    {
      "Entity Class": "drzhark.mocreatures.entity.monster.MoCEntityManticore",
      "Weight": 8,
      "Min Group Count": 1,
      "Max Group Count": 3
    },
    {
      "Entity Class": "drzhark.mocreatures.entity.monster.MoCEntityMiniGolem",
      "Weight": 6,
      "Min Group Count": 1,
      "Max Group Count": 3
    },
    {
      "Entity Class": "drzhark.mocreatures.entity.monster.MoCEntityRat",
      "Weight": 7,
      "Min Group Count": 1,
      "Max Group Count": 2
    },
    {
      "Entity Class": "drzhark.mocreatures.entity.monster.MoCEntityScorpion",
      "Weight": 6,
      "Min Group Count": 1,
      "Max Group Count": 3
    },
    {
      "Entity Class": "drzhark.mocreatures.entity.monster.MoCEntitySilverSkeleton",
      "Weight": 6,
      "Min Group Count": 1,
      "Max Group Count": 4
    },
    {
      "Entity Class": "drzhark.mocreatures.entity.monster.MoCEntityWerewolf",
      "Weight": 8,
      "Min Group Count": 1,
      "Max Group Count": 4
    },
    {
      "Entity Class": "drzhark.mocreatures.entity.monster.MoCEntityWraith",
      "Weight": 6,
      "Min Group Count": 1,
      "Max Group Count": 4
    },
    {
      "Entity Class": "drzhark.mocreatures.entity.monster.MoCEntityWWolf",
      "Weight": 8,
      "Min Group Count": 1,
      "Max Group Count": 3
    },
    {
      "Entity Class": "me.swirtzly.angels.common.entities.EntityWeepingAngel",
      "Weight": 5,
      "Min Group Count": 1,
      "Max Group Count": 4
    },
    {
      "Entity Class": "com.bobmowzie.mowziesmobs.server.entity.barakoa.EntityBarakoana",
      "Weight": 4,
      "Min Group Count": 1,
      "Max Group Count": 1
    },
    {
      "Entity Class": "com.bobmowzie.mowziesmobs.server.entity.grottol.EntityGrottol",
      "Weight": 2,
      "Min Group Count": 1,
      "Max Group Count": 1
    }
  ],
  "Spawnable Water Creatures": [],
  "Spawnable Cave Creatures": [
    {
      "Entity Class": "vibrantjourneys.entities.passive.EntitySmallSpider",
      "Weight": 0,
      "Min Group Count": 1,
      "Max Group Count": 6
    }
  ],
  "Spawn Biome": true,
  "Tweaked": true,
  "BOP Generators": {
    "FLOWERS Generators": [
      {
        "ID": "flora",
        "Name": "glowshrooms"
      },
      {
        "ID": "flora",
        "Name": "tiny_cacti"
      },
      {
        "ID": "flora",
        "Name": "miners_delight"
      },
      {
        "ID": "flora",
        "Name": "dead_bushes"
      },
      {
        "ID": "flora",
        "Name": "roots"
      }
    ],
    "GRASS Generators": [
      {
        "ID": "weighted",
        "Name": "grass"
      },
      {
        "ID": "grass",
        "Name": "desertgrass"
      }
    ],
    "SAND Generators": [
      {
        "ID": "splatter",
        "Name": "grass_splatter"
      },
      {
        "ID": "ore_single",
        "Name": "ruby"
      }
    ]
  },
  "BOP Owner": "BIOMESOPLENTY",
  "BOP Weight Map": {
    "HOT_DESERT": 7
  },
  "BOP Climate Weights": {
    "HOT_DESERT": [
      7
    ]
  },
  "BOP Island Weight": 0
}