
{
  "ID": 78,
  "Name": "Quagmire",
  "Resource Location": "biomesoplenty:quagmire",
  "Class": "biomesoplenty.common.biome.overworld.BiomeGenQuagmire",
  "Root Height": -0.11764706,
  "Height Variation": 0.043750003,
  "Top Block": "biomesoplenty:mud[variant\u003dmud]",
  "Filler Block": "biomesoplenty:mud[variant\u003dmud]",
  "Ocean Top Block": "Disabled. Activate in BiomeTweakerCore.",
  "Ocean Filler Block": "Disabled. Activate in BiomeTweakerCore.",
  "Actual Filler Blocks": "Disabled. Activate in BiomeTweakerCore.",
  "Grass Color": "Disabled. Activate in BiomeTweakerCore.",
  "Foliage Color": "Disabled. Activate in BiomeTweakerCore.",
  "Water Color": "13390080",
  "Temperature": 0.6,
  "Humidity": 0.9,
  "Water Tint": 13390080,
  "Enable Rain": true,
  "Enable Snow": false,
  "Dictionary Types": [
    "WASTELAND",
    "DEAD",
    "WET",
    "SWAMP"
  ],
  "BiomeManager Entries": {},
  "Spawnable Creatures": [
    {
      "Entity Class": "com.animania.addons.extra.common.entity.rodents.EntityHedgehogAlbino",
      "Weight": 8,
      "Min Group Count": 1,
      "Max Group Count": 3
    },
    {
      "Entity Class": "com.animania.addons.extra.common.entity.amphibians.EntityToad",
      "Weight": 18,
      "Min Group Count": 2,
      "Max Group Count": 2
    },
    {
      "Entity Class": "com.animania.addons.extra.common.entity.amphibians.EntityFrogs",
      "Weight": 18,
      "Min Group Count": 2,
      "Max Group Count": 2
    },
    {
      "Entity Class": "com.animania.addons.extra.common.entity.peafowl.PeafowlCharcoal$EntityPeacockCharcoal",
      "Weight": 8,
      "Min Group Count": 1,
      "Max Group Count": 2
    },
    {
      "Entity Class": "com.animania.addons.extra.common.entity.peafowl.PeafowlCharcoal$EntityPeafowlCharcoal",
      "Weight": 8,
      "Min Group Count": 1,
      "Max Group Count": 2
    },
    {
      "Entity Class": "com.animania.addons.extra.common.entity.peafowl.PeafowlCharcoal$EntityPeachickCharcoal",
      "Weight": 4,
      "Min Group Count": 1,
      "Max Group Count": 2
    },
    {
      "Entity Class": "com.animania.addons.extra.common.entity.peafowl.PeafowlOpal$EntityPeacockOpal",
      "Weight": 8,
      "Min Group Count": 1,
      "Max Group Count": 2
    },
    {
      "Entity Class": "com.animania.addons.extra.common.entity.peafowl.PeafowlOpal$EntityPeafowlOpal",
      "Weight": 8,
      "Min Group Count": 1,
      "Max Group Count": 2
    },
    {
      "Entity Class": "com.animania.addons.extra.common.entity.peafowl.PeafowlOpal$EntityPeachickOpal",
      "Weight": 4,
      "Min Group Count": 1,
      "Max Group Count": 2
    },
    {
      "Entity Class": "com.animania.addons.extra.common.entity.peafowl.PeafowlPeach$EntityPeacockPeach",
      "Weight": 8,
      "Min Group Count": 1,
      "Max Group Count": 2
    },
    {
      "Entity Class": "com.animania.addons.extra.common.entity.peafowl.PeafowlPeach$EntityPeafowlPeach",
      "Weight": 8,
      "Min Group Count": 1,
      "Max Group Count": 2
    },
    {
      "Entity Class": "com.animania.addons.extra.common.entity.peafowl.PeafowlPeach$EntityPeachickPeach",
      "Weight": 4,
      "Min Group Count": 1,
      "Max Group Count": 2
    },
    {
      "Entity Class": "com.animania.addons.extra.common.entity.peafowl.PeafowlPurple$EntityPeacockPurple",
      "Weight": 8,
      "Min Group Count": 1,
      "Max Group Count": 2
    },
    {
      "Entity Class": "com.animania.addons.extra.common.entity.peafowl.PeafowlPurple$EntityPeafowlPurple",
      "Weight": 8,
      "Min Group Count": 1,
      "Max Group Count": 2
    },
    {
      "Entity Class": "com.animania.addons.extra.common.entity.peafowl.PeafowlPurple$EntityPeachickPurple",
      "Weight": 4,
      "Min Group Count": 1,
      "Max Group Count": 2
    },
    {
      "Entity Class": "com.animania.addons.extra.common.entity.peafowl.PeafowlTaupe$EntityPeacockTaupe",
      "Weight": 8,
      "Min Group Count": 1,
      "Max Group Count": 2
    },
    {
      "Entity Class": "com.animania.addons.extra.common.entity.peafowl.PeafowlTaupe$EntityPeafowlTaupe",
      "Weight": 8,
      "Min Group Count": 1,
      "Max Group Count": 2
    },
    {
      "Entity Class": "com.animania.addons.extra.common.entity.peafowl.PeafowlTaupe$EntityPeachickTaupe",
      "Weight": 4,
      "Min Group Count": 1,
      "Max Group Count": 2
    },
    {
      "Entity Class": "com.animania.addons.extra.common.entity.peafowl.PeafowlBlue$EntityPeacockBlue",
      "Weight": 8,
      "Min Group Count": 2,
      "Max Group Count": 2
    },
    {
      "Entity Class": "com.animania.addons.extra.common.entity.peafowl.PeafowlBlue$EntityPeafowlBlue",
      "Weight": 8,
      "Min Group Count": 2,
      "Max Group Count": 2
    },
    {
      "Entity Class": "com.animania.addons.extra.common.entity.peafowl.PeafowlBlue$EntityPeachickBlue",
      "Weight": 4,
      "Min Group Count": 2,
      "Max Group Count": 2
    },
    {
      "Entity Class": "com.animania.addons.extra.common.entity.peafowl.PeafowlWhite$EntityPeacockWhite",
      "Weight": 8,
      "Min Group Count": 2,
      "Max Group Count": 2
    },
    {
      "Entity Class": "com.animania.addons.extra.common.entity.peafowl.PeafowlWhite$EntityPeafowlWhite",
      "Weight": 8,
      "Min Group Count": 2,
      "Max Group Count": 2
    },
    {
      "Entity Class": "com.animania.addons.extra.common.entity.peafowl.PeafowlWhite$EntityPeachickWhite",
      "Weight": 4,
      "Min Group Count": 2,
      "Max Group Count": 2
    },
    {
      "Entity Class": "com.animania.addons.farm.common.entity.pigs.PigLargeBlack$EntitySowLargeBlack",
      "Weight": 9,
      "Min Group Count": 2,
      "Max Group Count": 2
    },
    {
      "Entity Class": "com.animania.addons.farm.common.entity.chickens.ChickenOrpington$EntityHenOrpington",
      "Weight": 9,
      "Min Group Count": 2,
      "Max Group Count": 2
    },
    {
      "Entity Class": "com.animania.addons.farm.common.entity.cows.CowAngus$EntityCowAngus",
      "Weight": 9,
      "Min Group Count": 2,
      "Max Group Count": 2
    },
    {
      "Entity Class": "com.animania.addons.farm.common.entity.cows.CowJersey$EntityCowJersey",
      "Weight": 9,
      "Min Group Count": 2,
      "Max Group Count": 2
    },
    {
      "Entity Class": "epicsquid.mysticalworld.entity.EntityBeetle",
      "Weight": 5,
      "Min Group Count": 2,
      "Max Group Count": 4
    },
    {
      "Entity Class": "epicsquid.mysticalworld.entity.EntityFrog",
      "Weight": 6,
      "Min Group Count": 2,
      "Max Group Count": 4
    },
    {
      "Entity Class": "drzhark.mocreatures.entity.passive.MoCEntityCrocodile",
      "Weight": 6,
      "Min Group Count": 1,
      "Max Group Count": 2
    },
    {
      "Entity Class": "drzhark.mocreatures.entity.passive.MoCEntityKomodo",
      "Weight": 8,
      "Min Group Count": 1,
      "Max Group Count": 2
    },
    {
      "Entity Class": "drzhark.mocreatures.entity.passive.MoCEntitySnake",
      "Weight": 8,
      "Min Group Count": 1,
      "Max Group Count": 2
    },
    {
      "Entity Class": "drzhark.mocreatures.entity.passive.MoCEntityTurtle",
      "Weight": 6,
      "Min Group Count": 1,
      "Max Group Count": 2
    },
    {
      "Entity Class": "ladysnake.lumen.common.entities.EntityWillOWisp",
      "Weight": 50,
      "Min Group Count": 0,
      "Max Group Count": 40
    },
    {
      "Entity Class": "com.ikerleon.birdwmod.entity.jungle.EntityHoatzin",
      "Weight": 10,
      "Min Group Count": 1,
      "Max Group Count": 2
    },
    {
      "Entity Class": "org.zawamod.entity.land.EntityBlackSpiderMonkey",
      "Weight": 18,
      "Min Group Count": 3,
      "Max Group Count": 5
    },
    {
      "Entity Class": "org.zawamod.entity.flying.EntityCockatoo",
      "Weight": 10,
      "Min Group Count": 3,
      "Max Group Count": 6
    },
    {
      "Entity Class": "org.zawamod.entity.land.EntityGreenAnaconda",
      "Weight": 10,
      "Min Group Count": 1,
      "Max Group Count": 1
    },
    {
      "Entity Class": "org.zawamod.entity.land.EntityIndianGharial",
      "Weight": 10,
      "Min Group Count": 1,
      "Max Group Count": 1
    },
    {
      "Entity Class": "org.zawamod.entity.land.EntityIndianPangolin",
      "Weight": 15,
      "Min Group Count": 1,
      "Max Group Count": 1
    },
    {
      "Entity Class": "org.zawamod.entity.land.EntityKoala",
      "Weight": 20,
      "Min Group Count": 1,
      "Max Group Count": 1
    },
    {
      "Entity Class": "org.zawamod.entity.land.EntityLowlandGorilla",
      "Weight": 9,
      "Min Group Count": 2,
      "Max Group Count": 6
    },
    {
      "Entity Class": "org.zawamod.entity.flying.EntityMacaw",
      "Weight": 12,
      "Min Group Count": 2,
      "Max Group Count": 6
    },
    {
      "Entity Class": "org.zawamod.entity.land.EntityNileHippo",
      "Weight": 15,
      "Min Group Count": 4,
      "Max Group Count": 6
    },
    {
      "Entity Class": "org.zawamod.entity.flying.EntityToucan",
      "Weight": 10,
      "Min Group Count": 4,
      "Max Group Count": 6
    },
    {
      "Entity Class": "org.zawamod.entity.npc.EntityFeedTrader",
      "Weight": 3,
      "Min Group Count": 0,
      "Max Group Count": 1
    },
    {
      "Entity Class": "org.zawamod.entity.npc.EntityZooKeeper",
      "Weight": 3,
      "Min Group Count": 0,
      "Max Group Count": 1
    },
    {
      "Entity Class": "org.zawamod.entity.land.EntityBrazilianTapir",
      "Weight": 25,
      "Min Group Count": 3,
      "Max Group Count": 5
    },
    {
      "Entity Class": "org.zawamod.entity.land.EntityBrownRat",
      "Weight": 6,
      "Min Group Count": 2,
      "Max Group Count": 5
    },
    {
      "Entity Class": "org.zawamod.entity.land.EntityCassowary",
      "Weight": 10,
      "Min Group Count": 2,
      "Max Group Count": 4
    },
    {
      "Entity Class": "org.zawamod.entity.land.EntityGrizzlyBear",
      "Weight": 10,
      "Min Group Count": 1,
      "Max Group Count": 3
    },
    {
      "Entity Class": "org.zawamod.entity.land.EntityJaguar",
      "Weight": 10,
      "Min Group Count": 1,
      "Max Group Count": 3
    },
    {
      "Entity Class": "org.zawamod.entity.land.EntityPlatypus",
      "Weight": 15,
      "Min Group Count": 2,
      "Max Group Count": 3
    },
    {
      "Entity Class": "org.zawamod.entity.land.EntityPygmyHippo",
      "Weight": 20,
      "Min Group Count": 3,
      "Max Group Count": 5
    },
    {
      "Entity Class": "org.zawamod.entity.land.EntitySumatranRhinoceros",
      "Weight": 20,
      "Min Group Count": 3,
      "Max Group Count": 5
    },
    {
      "Entity Class": "org.zawamod.entity.land.EntityThreeToedSloth",
      "Weight": 10,
      "Min Group Count": 2,
      "Max Group Count": 3
    },
    {
      "Entity Class": "org.zawamod.entity.npc.EntityPoacher",
      "Weight": 3,
      "Min Group Count": 0,
      "Max Group Count": 1
    }
  ],
  "Spawnable Monsters": [
    {
      "Entity Class": "net.minecraft.entity.monster.EntitySpider",
      "Weight": 100,
      "Min Group Count": 4,
      "Max Group Count": 4
    },
    {
      "Entity Class": "net.minecraft.entity.monster.EntityZombie",
      "Weight": 95,
      "Min Group Count": 4,
      "Max Group Count": 4
    },
    {
      "Entity Class": "net.minecraft.entity.monster.EntityZombieVillager",
      "Weight": 5,
      "Min Group Count": 1,
      "Max Group Count": 1
    },
    {
      "Entity Class": "net.minecraft.entity.monster.EntitySkeleton",
      "Weight": 100,
      "Min Group Count": 4,
      "Max Group Count": 4
    },
    {
      "Entity Class": "net.minecraft.entity.monster.EntityCreeper",
      "Weight": 100,
      "Min Group Count": 4,
      "Max Group Count": 4
    },
    {
      "Entity Class": "net.minecraft.entity.monster.EntitySlime",
      "Weight": 100,
      "Min Group Count": 4,
      "Max Group Count": 4
    },
    {
      "Entity Class": "net.minecraft.entity.monster.EntityEnderman",
      "Weight": 10,
      "Min Group Count": 1,
      "Max Group Count": 4
    },
    {
      "Entity Class": "net.minecraft.entity.monster.EntityWitch",
      "Weight": 5,
      "Min Group Count": 1,
      "Max Group Count": 1
    },
    {
      "Entity Class": "net.minecraft.entity.monster.EntitySlime",
      "Weight": 10,
      "Min Group Count": 1,
      "Max Group Count": 3
    },
    {
      "Entity Class": "drzhark.mocreatures.entity.monster.MoCEntityGolem",
      "Weight": 3,
      "Min Group Count": 1,
      "Max Group Count": 1
    },
    {
      "Entity Class": "drzhark.mocreatures.entity.monster.MoCEntityCaveOgre",
      "Weight": 5,
      "Min Group Count": 1,
      "Max Group Count": 2
    },
    {
      "Entity Class": "drzhark.mocreatures.entity.monster.MoCEntityFireOgre",
      "Weight": 6,
      "Min Group Count": 1,
      "Max Group Count": 2
    },
    {
      "Entity Class": "drzhark.mocreatures.entity.monster.MoCEntityFlameWraith",
      "Weight": 5,
      "Min Group Count": 1,
      "Max Group Count": 2
    },
    {
      "Entity Class": "drzhark.mocreatures.entity.monster.MoCEntityGreenOgre",
      "Weight": 8,
      "Min Group Count": 1,
      "Max Group Count": 2
    },
    {
      "Entity Class": "drzhark.mocreatures.entity.monster.MoCEntityHellRat",
      "Weight": 6,
      "Min Group Count": 1,
      "Max Group Count": 4
    },
    {
      "Entity Class": "drzhark.mocreatures.entity.monster.MoCEntityHorseMob",
      "Weight": 8,
      "Min Group Count": 1,
      "Max Group Count": 3
    },
    {
      "Entity Class": "drzhark.mocreatures.entity.monster.MoCEntityManticore",
      "Weight": 8,
      "Min Group Count": 1,
      "Max Group Count": 3
    },
    {
      "Entity Class": "drzhark.mocreatures.entity.monster.MoCEntityMiniGolem",
      "Weight": 6,
      "Min Group Count": 1,
      "Max Group Count": 3
    },
    {
      "Entity Class": "drzhark.mocreatures.entity.monster.MoCEntityRat",
      "Weight": 7,
      "Min Group Count": 1,
      "Max Group Count": 2
    },
    {
      "Entity Class": "drzhark.mocreatures.entity.monster.MoCEntityScorpion",
      "Weight": 6,
      "Min Group Count": 1,
      "Max Group Count": 3
    },
    {
      "Entity Class": "drzhark.mocreatures.entity.monster.MoCEntitySilverSkeleton",
      "Weight": 6,
      "Min Group Count": 1,
      "Max Group Count": 4
    },
    {
      "Entity Class": "drzhark.mocreatures.entity.monster.MoCEntityWerewolf",
      "Weight": 8,
      "Min Group Count": 1,
      "Max Group Count": 4
    },
    {
      "Entity Class": "drzhark.mocreatures.entity.monster.MoCEntityWraith",
      "Weight": 6,
      "Min Group Count": 1,
      "Max Group Count": 4
    },
    {
      "Entity Class": "drzhark.mocreatures.entity.monster.MoCEntityWWolf",
      "Weight": 8,
      "Min Group Count": 1,
      "Max Group Count": 3
    },
    {
      "Entity Class": "me.swirtzly.angels.common.entities.EntityWeepingAngel",
      "Weight": 5,
      "Min Group Count": 1,
      "Max Group Count": 4
    },
    {
      "Entity Class": "com.bobmowzie.mowziesmobs.server.entity.grottol.EntityGrottol",
      "Weight": 2,
      "Min Group Count": 1,
      "Max Group Count": 1
    }
  ],
  "Spawnable Water Creatures": [
    {
      "Entity Class": "epicsquid.mysticalworld.entity.EntityClam",
      "Weight": 14,
      "Min Group Count": 1,
      "Max Group Count": 1
    },
    {
      "Entity Class": "drzhark.mocreatures.entity.aquatic.MoCEntityAnchovy",
      "Weight": 12,
      "Min Group Count": 1,
      "Max Group Count": 6
    },
    {
      "Entity Class": "drzhark.mocreatures.entity.aquatic.MoCEntityAngelFish",
      "Weight": 12,
      "Min Group Count": 1,
      "Max Group Count": 6
    },
    {
      "Entity Class": "drzhark.mocreatures.entity.aquatic.MoCEntityAngler",
      "Weight": 12,
      "Min Group Count": 1,
      "Max Group Count": 6
    },
    {
      "Entity Class": "drzhark.mocreatures.entity.aquatic.MoCEntityBass",
      "Weight": 10,
      "Min Group Count": 1,
      "Max Group Count": 4
    },
    {
      "Entity Class": "drzhark.mocreatures.entity.aquatic.MoCEntityClownFish",
      "Weight": 12,
      "Min Group Count": 1,
      "Max Group Count": 6
    },
    {
      "Entity Class": "drzhark.mocreatures.entity.aquatic.MoCEntityCod",
      "Weight": 10,
      "Min Group Count": 1,
      "Max Group Count": 4
    },
    {
      "Entity Class": "drzhark.mocreatures.entity.aquatic.MoCEntityFishy",
      "Weight": 12,
      "Min Group Count": 1,
      "Max Group Count": 6
    },
    {
      "Entity Class": "drzhark.mocreatures.entity.aquatic.MoCEntityGoldFish",
      "Weight": 12,
      "Min Group Count": 1,
      "Max Group Count": 6
    },
    {
      "Entity Class": "drzhark.mocreatures.entity.aquatic.MoCEntityHippoTang",
      "Weight": 12,
      "Min Group Count": 1,
      "Max Group Count": 6
    },
    {
      "Entity Class": "drzhark.mocreatures.entity.aquatic.MoCEntityManderin",
      "Weight": 12,
      "Min Group Count": 1,
      "Max Group Count": 6
    },
    {
      "Entity Class": "drzhark.mocreatures.entity.aquatic.MoCEntityPiranha",
      "Weight": 4,
      "Min Group Count": 1,
      "Max Group Count": 3
    },
    {
      "Entity Class": "drzhark.mocreatures.entity.aquatic.MoCEntitySalmon",
      "Weight": 10,
      "Min Group Count": 1,
      "Max Group Count": 4
    },
    {
      "Entity Class": "drzhark.mocreatures.entity.aquatic.MoCEntityStingRay",
      "Weight": 10,
      "Min Group Count": 1,
      "Max Group Count": 2
    },
    {
      "Entity Class": "org.zawamod.entity.water.EntityCichlid",
      "Weight": 20,
      "Min Group Count": 2,
      "Max Group Count": 5
    }
  ],
  "Spawnable Cave Creatures": [
    {
      "Entity Class": "drzhark.mocreatures.entity.ambient.MoCEntityAnt",
      "Weight": 7,
      "Min Group Count": 1,
      "Max Group Count": 4
    },
    {
      "Entity Class": "drzhark.mocreatures.entity.ambient.MoCEntityCricket",
      "Weight": 8,
      "Min Group Count": 1,
      "Max Group Count": 2
    },
    {
      "Entity Class": "drzhark.mocreatures.entity.ambient.MoCEntityDragonfly",
      "Weight": 6,
      "Min Group Count": 1,
      "Max Group Count": 2
    },
    {
      "Entity Class": "drzhark.mocreatures.entity.ambient.MoCEntityFirefly",
      "Weight": 8,
      "Min Group Count": 1,
      "Max Group Count": 2
    },
    {
      "Entity Class": "drzhark.mocreatures.entity.ambient.MoCEntityFly",
      "Weight": 8,
      "Min Group Count": 1,
      "Max Group Count": 2
    },
    {
      "Entity Class": "drzhark.mocreatures.entity.ambient.MoCEntityMaggot",
      "Weight": 8,
      "Min Group Count": 1,
      "Max Group Count": 2
    },
    {
      "Entity Class": "drzhark.mocreatures.entity.ambient.MoCEntityRoach",
      "Weight": 8,
      "Min Group Count": 1,
      "Max Group Count": 2
    },
    {
      "Entity Class": "ladysnake.lumen.common.entities.EntityFirefly",
      "Weight": 50,
      "Min Group Count": 0,
      "Max Group Count": 40
    },
    {
      "Entity Class": "ladysnake.lumen.common.entities.EntityLightningBug",
      "Weight": 50,
      "Min Group Count": 0,
      "Max Group Count": 40
    },
    {
      "Entity Class": "vibrantjourneys.entities.passive.EntitySmallSpider",
      "Weight": 0,
      "Min Group Count": 1,
      "Max Group Count": 6
    }
  ],
  "Spawn Biome": false,
  "Tweaked": true,
  "BOP Generators": {
    "LILYPAD Generators": [
      {
        "ID": "flora",
        "Name": "medium_lily"
      },
      {
        "ID": "flora",
        "Name": "algae"
      },
      {
        "ID": "flora",
        "Name": "water_reeds"
      },
      {
        "ID": "flora",
        "Name": "small_lily"
      },
      {
        "ID": "flora",
        "Name": "lily"
      },
      {
        "ID": "flora",
        "Name": "tiny_lily"
      }
    ],
    "FLOWERS Generators": [
      {
        "ID": "flora",
        "Name": "glowshrooms"
      },
      {
        "ID": "flora",
        "Name": "miners_delight"
      },
      {
        "ID": "flora",
        "Name": "roots"
      },
      {
        "ID": "flora",
        "Name": "koru"
      }
    ],
    "GRASS Generators": [
      {
        "ID": "weighted",
        "Name": "grass"
      }
    ],
    "SAND Generators": [
      {
        "ID": "ore_single",
        "Name": "malachite"
      },
      {
        "ID": "splatter",
        "Name": "grass_splatter"
      }
    ],
    "SAND_PASS2 Generators": [
      {
        "ID": "waterside",
        "Name": "mud"
      }
    ]
  },
  "BOP Owner": "BIOMESOPLENTY",
  "BOP Weight Map": {
    "COLD_SWAMP": 2
  },
  "BOP Climate Weights": {
    "COLD_SWAMP": [
      2
    ]
  },
  "BOP Island Weight": 0
}