
{
  "ID": 92,
  "Name": "Wetland",
  "Resource Location": "biomesoplenty:wetland",
  "Class": "biomesoplenty.common.biome.overworld.BiomeGenWetland",
  "Root Height": -0.11764706,
  "Height Variation": 0.075,
  "Top Block": "minecraft:grass[snowy\u003dfalse]",
  "Filler Block": "minecraft:dirt[snowy\u003dfalse,variant\u003ddirt]",
  "Ocean Top Block": "Disabled. Activate in BiomeTweakerCore.",
  "Ocean Filler Block": "Disabled. Activate in BiomeTweakerCore.",
  "Actual Filler Blocks": "Disabled. Activate in BiomeTweakerCore.",
  "Grass Color": "Disabled. Activate in BiomeTweakerCore.",
  "Foliage Color": "Disabled. Activate in BiomeTweakerCore.",
  "Water Color": "6512772",
  "Temperature": 0.6,
  "Humidity": 0.7,
  "Water Tint": 6512772,
  "Enable Rain": true,
  "Enable Snow": false,
  "Dictionary Types": [
    "DENSE",
    "LUSH",
    "WET",
    "FOREST",
    "SWAMP"
  ],
  "BiomeManager Entries": {},
  "Spawnable Creatures": [
    {
      "Entity Class": "net.minecraft.entity.passive.EntitySheep",
      "Weight": 12,
      "Min Group Count": 4,
      "Max Group Count": 4
    },
    {
      "Entity Class": "net.minecraft.entity.passive.EntityPig",
      "Weight": 10,
      "Min Group Count": 4,
      "Max Group Count": 4
    },
    {
      "Entity Class": "net.minecraft.entity.passive.EntityChicken",
      "Weight": 10,
      "Min Group Count": 4,
      "Max Group Count": 4
    },
    {
      "Entity Class": "net.minecraft.entity.passive.EntityCow",
      "Weight": 8,
      "Min Group Count": 4,
      "Max Group Count": 4
    },
    {
      "Entity Class": "com.animania.addons.extra.common.entity.rodents.EntityHedgehog",
      "Weight": 8,
      "Min Group Count": 1,
      "Max Group Count": 3
    },
    {
      "Entity Class": "com.animania.addons.extra.common.entity.rodents.EntityHedgehogAlbino",
      "Weight": 8,
      "Min Group Count": 1,
      "Max Group Count": 3
    },
    {
      "Entity Class": "com.animania.addons.extra.common.entity.amphibians.EntityToad",
      "Weight": 18,
      "Min Group Count": 2,
      "Max Group Count": 2
    },
    {
      "Entity Class": "com.animania.addons.extra.common.entity.amphibians.EntityFrogs",
      "Weight": 18,
      "Min Group Count": 2,
      "Max Group Count": 2
    },
    {
      "Entity Class": "com.animania.addons.extra.common.entity.amphibians.EntityDartFrogs",
      "Weight": 18,
      "Min Group Count": 2,
      "Max Group Count": 2
    },
    {
      "Entity Class": "com.animania.addons.extra.common.entity.rodents.rabbits.RabbitCottonail$EntityRabbitDoeCottontail",
      "Weight": 8,
      "Min Group Count": 2,
      "Max Group Count": 2
    },
    {
      "Entity Class": "com.animania.addons.extra.common.entity.rodents.rabbits.RabbitNewZealand$EntityRabbitDoeNewZealand",
      "Weight": 8,
      "Min Group Count": 2,
      "Max Group Count": 2
    },
    {
      "Entity Class": "com.animania.addons.extra.common.entity.rodents.rabbits.RabbitLop$EntityRabbitDoeLop",
      "Weight": 4,
      "Min Group Count": 2,
      "Max Group Count": 2
    },
    {
      "Entity Class": "com.animania.addons.extra.common.entity.peafowl.PeafowlCharcoal$EntityPeacockCharcoal",
      "Weight": 8,
      "Min Group Count": 1,
      "Max Group Count": 2
    },
    {
      "Entity Class": "com.animania.addons.extra.common.entity.peafowl.PeafowlCharcoal$EntityPeafowlCharcoal",
      "Weight": 8,
      "Min Group Count": 1,
      "Max Group Count": 2
    },
    {
      "Entity Class": "com.animania.addons.extra.common.entity.peafowl.PeafowlCharcoal$EntityPeachickCharcoal",
      "Weight": 4,
      "Min Group Count": 1,
      "Max Group Count": 2
    },
    {
      "Entity Class": "com.animania.addons.extra.common.entity.peafowl.PeafowlOpal$EntityPeacockOpal",
      "Weight": 8,
      "Min Group Count": 1,
      "Max Group Count": 2
    },
    {
      "Entity Class": "com.animania.addons.extra.common.entity.peafowl.PeafowlOpal$EntityPeafowlOpal",
      "Weight": 8,
      "Min Group Count": 1,
      "Max Group Count": 2
    },
    {
      "Entity Class": "com.animania.addons.extra.common.entity.peafowl.PeafowlOpal$EntityPeachickOpal",
      "Weight": 4,
      "Min Group Count": 1,
      "Max Group Count": 2
    },
    {
      "Entity Class": "com.animania.addons.extra.common.entity.peafowl.PeafowlPeach$EntityPeacockPeach",
      "Weight": 8,
      "Min Group Count": 1,
      "Max Group Count": 2
    },
    {
      "Entity Class": "com.animania.addons.extra.common.entity.peafowl.PeafowlPeach$EntityPeafowlPeach",
      "Weight": 8,
      "Min Group Count": 1,
      "Max Group Count": 2
    },
    {
      "Entity Class": "com.animania.addons.extra.common.entity.peafowl.PeafowlPeach$EntityPeachickPeach",
      "Weight": 4,
      "Min Group Count": 1,
      "Max Group Count": 2
    },
    {
      "Entity Class": "com.animania.addons.extra.common.entity.peafowl.PeafowlPurple$EntityPeacockPurple",
      "Weight": 8,
      "Min Group Count": 1,
      "Max Group Count": 2
    },
    {
      "Entity Class": "com.animania.addons.extra.common.entity.peafowl.PeafowlPurple$EntityPeafowlPurple",
      "Weight": 8,
      "Min Group Count": 1,
      "Max Group Count": 2
    },
    {
      "Entity Class": "com.animania.addons.extra.common.entity.peafowl.PeafowlPurple$EntityPeachickPurple",
      "Weight": 4,
      "Min Group Count": 1,
      "Max Group Count": 2
    },
    {
      "Entity Class": "com.animania.addons.extra.common.entity.peafowl.PeafowlTaupe$EntityPeacockTaupe",
      "Weight": 8,
      "Min Group Count": 1,
      "Max Group Count": 2
    },
    {
      "Entity Class": "com.animania.addons.extra.common.entity.peafowl.PeafowlTaupe$EntityPeafowlTaupe",
      "Weight": 8,
      "Min Group Count": 1,
      "Max Group Count": 2
    },
    {
      "Entity Class": "com.animania.addons.extra.common.entity.peafowl.PeafowlTaupe$EntityPeachickTaupe",
      "Weight": 4,
      "Min Group Count": 1,
      "Max Group Count": 2
    },
    {
      "Entity Class": "com.animania.addons.extra.common.entity.peafowl.PeafowlBlue$EntityPeacockBlue",
      "Weight": 8,
      "Min Group Count": 2,
      "Max Group Count": 2
    },
    {
      "Entity Class": "com.animania.addons.extra.common.entity.peafowl.PeafowlBlue$EntityPeafowlBlue",
      "Weight": 8,
      "Min Group Count": 2,
      "Max Group Count": 2
    },
    {
      "Entity Class": "com.animania.addons.extra.common.entity.peafowl.PeafowlBlue$EntityPeachickBlue",
      "Weight": 4,
      "Min Group Count": 2,
      "Max Group Count": 2
    },
    {
      "Entity Class": "com.animania.addons.extra.common.entity.peafowl.PeafowlWhite$EntityPeacockWhite",
      "Weight": 8,
      "Min Group Count": 2,
      "Max Group Count": 2
    },
    {
      "Entity Class": "com.animania.addons.extra.common.entity.peafowl.PeafowlWhite$EntityPeafowlWhite",
      "Weight": 8,
      "Min Group Count": 2,
      "Max Group Count": 2
    },
    {
      "Entity Class": "com.animania.addons.extra.common.entity.peafowl.PeafowlWhite$EntityPeachickWhite",
      "Weight": 4,
      "Min Group Count": 2,
      "Max Group Count": 2
    },
    {
      "Entity Class": "com.animania.addons.farm.common.entity.pigs.PigOldSpot$EntitySowOldSpot",
      "Weight": 9,
      "Min Group Count": 2,
      "Max Group Count": 2
    },
    {
      "Entity Class": "com.animania.addons.farm.common.entity.pigs.PigLargeBlack$EntitySowLargeBlack",
      "Weight": 9,
      "Min Group Count": 2,
      "Max Group Count": 2
    },
    {
      "Entity Class": "com.animania.addons.farm.common.entity.pigs.PigLargeWhite$EntitySowLargeWhite",
      "Weight": 9,
      "Min Group Count": 2,
      "Max Group Count": 2
    },
    {
      "Entity Class": "com.animania.addons.farm.common.entity.chickens.ChickenOrpington$EntityHenOrpington",
      "Weight": 9,
      "Min Group Count": 2,
      "Max Group Count": 2
    },
    {
      "Entity Class": "com.animania.addons.farm.common.entity.chickens.ChickenWyandotte$EntityHenWyandotte",
      "Weight": 9,
      "Min Group Count": 2,
      "Max Group Count": 2
    },
    {
      "Entity Class": "com.animania.addons.farm.common.entity.chickens.ChickenRhodeIslandRed$EntityHenRhodeIslandRed",
      "Weight": 9,
      "Min Group Count": 2,
      "Max Group Count": 2
    },
    {
      "Entity Class": "com.animania.addons.farm.common.entity.cows.CowHolstein$EntityCowHolstein",
      "Weight": 9,
      "Min Group Count": 2,
      "Max Group Count": 2
    },
    {
      "Entity Class": "com.animania.addons.farm.common.entity.cows.CowAngus$EntityCowAngus",
      "Weight": 9,
      "Min Group Count": 2,
      "Max Group Count": 2
    },
    {
      "Entity Class": "com.animania.addons.farm.common.entity.cows.CowJersey$EntityCowJersey",
      "Weight": 9,
      "Min Group Count": 2,
      "Max Group Count": 2
    },
    {
      "Entity Class": "com.animania.addons.farm.common.entity.sheep.SheepJacob$EntityEweJacob",
      "Weight": 8,
      "Min Group Count": 2,
      "Max Group Count": 3
    },
    {
      "Entity Class": "epicsquid.mysticalworld.entity.EntityDeer",
      "Weight": 6,
      "Min Group Count": 2,
      "Max Group Count": 4
    },
    {
      "Entity Class": "epicsquid.mysticalworld.entity.EntityFox",
      "Weight": 4,
      "Min Group Count": 1,
      "Max Group Count": 3
    },
    {
      "Entity Class": "epicsquid.mysticalworld.entity.EntityBeetle",
      "Weight": 5,
      "Min Group Count": 2,
      "Max Group Count": 4
    },
    {
      "Entity Class": "epicsquid.mysticalworld.entity.EntityFrog",
      "Weight": 6,
      "Min Group Count": 2,
      "Max Group Count": 4
    },
    {
      "Entity Class": "epicsquid.mysticalworld.entity.EntitySprout",
      "Weight": 2,
      "Min Group Count": 2,
      "Max Group Count": 4
    },
    {
      "Entity Class": "epicsquid.mysticalworld.entity.EntityOwl",
      "Weight": 9,
      "Min Group Count": 1,
      "Max Group Count": 3
    },
    {
      "Entity Class": "drzhark.mocreatures.entity.passive.MoCEntityBird",
      "Weight": 15,
      "Min Group Count": 2,
      "Max Group Count": 3
    },
    {
      "Entity Class": "drzhark.mocreatures.entity.passive.MoCEntityBlackBear",
      "Weight": 6,
      "Min Group Count": 1,
      "Max Group Count": 3
    },
    {
      "Entity Class": "drzhark.mocreatures.entity.passive.MoCEntityBoar",
      "Weight": 8,
      "Min Group Count": 2,
      "Max Group Count": 2
    },
    {
      "Entity Class": "drzhark.mocreatures.entity.passive.MoCEntityBunny",
      "Weight": 8,
      "Min Group Count": 2,
      "Max Group Count": 3
    },
    {
      "Entity Class": "drzhark.mocreatures.entity.passive.MoCEntityCrocodile",
      "Weight": 6,
      "Min Group Count": 1,
      "Max Group Count": 2
    },
    {
      "Entity Class": "drzhark.mocreatures.entity.passive.MoCEntityDeer",
      "Weight": 8,
      "Min Group Count": 1,
      "Max Group Count": 2
    },
    {
      "Entity Class": "drzhark.mocreatures.entity.passive.MoCEntityDuck",
      "Weight": 8,
      "Min Group Count": 1,
      "Max Group Count": 2
    },
    {
      "Entity Class": "drzhark.mocreatures.entity.passive.MoCEntityElephant",
      "Weight": 4,
      "Min Group Count": 1,
      "Max Group Count": 1
    },
    {
      "Entity Class": "drzhark.mocreatures.entity.passive.MoCEntityEnt",
      "Weight": 4,
      "Min Group Count": 1,
      "Max Group Count": 2
    },
    {
      "Entity Class": "drzhark.mocreatures.entity.passive.MoCEntityFox",
      "Weight": 8,
      "Min Group Count": 1,
      "Max Group Count": 1
    },
    {
      "Entity Class": "drzhark.mocreatures.entity.passive.MoCEntityGoat",
      "Weight": 8,
      "Min Group Count": 1,
      "Max Group Count": 3
    },
    {
      "Entity Class": "drzhark.mocreatures.entity.passive.MoCEntityGrizzlyBear",
      "Weight": 6,
      "Min Group Count": 1,
      "Max Group Count": 2
    },
    {
      "Entity Class": "drzhark.mocreatures.entity.passive.MoCEntityKomodo",
      "Weight": 8,
      "Min Group Count": 1,
      "Max Group Count": 2
    },
    {
      "Entity Class": "drzhark.mocreatures.entity.passive.MoCEntityMole",
      "Weight": 7,
      "Min Group Count": 1,
      "Max Group Count": 2
    },
    {
      "Entity Class": "drzhark.mocreatures.entity.passive.MoCEntityMouse",
      "Weight": 7,
      "Min Group Count": 1,
      "Max Group Count": 2
    },
    {
      "Entity Class": "drzhark.mocreatures.entity.passive.MoCEntityPandaBear",
      "Weight": 6,
      "Min Group Count": 1,
      "Max Group Count": 3
    },
    {
      "Entity Class": "drzhark.mocreatures.entity.passive.MoCEntityPanther",
      "Weight": 6,
      "Min Group Count": 1,
      "Max Group Count": 2
    },
    {
      "Entity Class": "drzhark.mocreatures.entity.passive.MoCEntityRaccoon",
      "Weight": 8,
      "Min Group Count": 1,
      "Max Group Count": 2
    },
    {
      "Entity Class": "drzhark.mocreatures.entity.passive.MoCEntitySnake",
      "Weight": 8,
      "Min Group Count": 1,
      "Max Group Count": 2
    },
    {
      "Entity Class": "drzhark.mocreatures.entity.passive.MoCEntityTiger",
      "Weight": 6,
      "Min Group Count": 1,
      "Max Group Count": 2
    },
    {
      "Entity Class": "drzhark.mocreatures.entity.passive.MoCEntityTurtle",
      "Weight": 6,
      "Min Group Count": 1,
      "Max Group Count": 2
    },
    {
      "Entity Class": "drzhark.mocreatures.entity.passive.MoCEntityHorse",
      "Weight": 8,
      "Min Group Count": 1,
      "Max Group Count": 4
    },
    {
      "Entity Class": "ladysnake.lumen.common.entities.EntityWillOWisp",
      "Weight": 50,
      "Min Group Count": 0,
      "Max Group Count": 40
    },
    {
      "Entity Class": "ladysnake.lumen.common.entities.EntityFaerie",
      "Weight": 50,
      "Min Group Count": 0,
      "Max Group Count": 40
    },
    {
      "Entity Class": "com.ikerleon.birdwmod.entity.europe.EntityEurasianBullfinch",
      "Weight": 15,
      "Min Group Count": 1,
      "Max Group Count": 4
    },
    {
      "Entity Class": "com.ikerleon.birdwmod.entity.jungle.EntityHoatzin",
      "Weight": 10,
      "Min Group Count": 1,
      "Max Group Count": 2
    },
    {
      "Entity Class": "org.zawamod.entity.land.EntityAmurLeopard",
      "Weight": 10,
      "Min Group Count": 1,
      "Max Group Count": 1
    },
    {
      "Entity Class": "org.zawamod.entity.land.EntityAsianElephant",
      "Weight": 12,
      "Min Group Count": 3,
      "Max Group Count": 5
    },
    {
      "Entity Class": "org.zawamod.entity.land.EntityBlackSpiderMonkey",
      "Weight": 18,
      "Min Group Count": 3,
      "Max Group Count": 5
    },
    {
      "Entity Class": "org.zawamod.entity.flying.EntityCockatoo",
      "Weight": 10,
      "Min Group Count": 3,
      "Max Group Count": 6
    },
    {
      "Entity Class": "org.zawamod.entity.land.EntityFijiBandedIguana",
      "Weight": 5,
      "Min Group Count": 1,
      "Max Group Count": 1
    },
    {
      "Entity Class": "org.zawamod.entity.land.EntityGaur",
      "Weight": 5,
      "Min Group Count": 2,
      "Max Group Count": 5
    },
    {
      "Entity Class": "org.zawamod.entity.land.EntityGreenAnaconda",
      "Weight": 10,
      "Min Group Count": 1,
      "Max Group Count": 1
    },
    {
      "Entity Class": "org.zawamod.entity.land.EntityIndianGharial",
      "Weight": 10,
      "Min Group Count": 1,
      "Max Group Count": 1
    },
    {
      "Entity Class": "org.zawamod.entity.land.EntityIndianPangolin",
      "Weight": 15,
      "Min Group Count": 1,
      "Max Group Count": 1
    },
    {
      "Entity Class": "org.zawamod.entity.land.EntityKoala",
      "Weight": 20,
      "Min Group Count": 1,
      "Max Group Count": 1
    },
    {
      "Entity Class": "org.zawamod.entity.land.EntityLowlandGorilla",
      "Weight": 9,
      "Min Group Count": 2,
      "Max Group Count": 6
    },
    {
      "Entity Class": "org.zawamod.entity.flying.EntityMacaw",
      "Weight": 12,
      "Min Group Count": 2,
      "Max Group Count": 6
    },
    {
      "Entity Class": "org.zawamod.entity.land.EntityNileHippo",
      "Weight": 15,
      "Min Group Count": 4,
      "Max Group Count": 6
    },
    {
      "Entity Class": "org.zawamod.entity.land.EntityOkapi",
      "Weight": 5,
      "Min Group Count": 1,
      "Max Group Count": 1
    },
    {
      "Entity Class": "org.zawamod.entity.land.EntityRedPanda",
      "Weight": 4,
      "Min Group Count": 1,
      "Max Group Count": 2
    },
    {
      "Entity Class": "org.zawamod.entity.flying.EntityToucan",
      "Weight": 10,
      "Min Group Count": 4,
      "Max Group Count": 6
    },
    {
      "Entity Class": "org.zawamod.entity.land.EntityTreeFrog",
      "Weight": 25,
      "Min Group Count": 2,
      "Max Group Count": 4
    },
    {
      "Entity Class": "org.zawamod.entity.npc.EntityFeedTrader",
      "Weight": 3,
      "Min Group Count": 0,
      "Max Group Count": 1
    },
    {
      "Entity Class": "org.zawamod.entity.npc.EntityZooKeeper",
      "Weight": 3,
      "Min Group Count": 0,
      "Max Group Count": 1
    },
    {
      "Entity Class": "org.zawamod.entity.land.EntityBrazilianTapir",
      "Weight": 25,
      "Min Group Count": 3,
      "Max Group Count": 5
    },
    {
      "Entity Class": "org.zawamod.entity.land.EntityBrownRat",
      "Weight": 6,
      "Min Group Count": 2,
      "Max Group Count": 5
    },
    {
      "Entity Class": "org.zawamod.entity.land.EntityCassowary",
      "Weight": 10,
      "Min Group Count": 2,
      "Max Group Count": 4
    },
    {
      "Entity Class": "org.zawamod.entity.land.EntityEchidna",
      "Weight": 15,
      "Min Group Count": 2,
      "Max Group Count": 4
    },
    {
      "Entity Class": "org.zawamod.entity.flying.EntityFrigate",
      "Weight": 12,
      "Min Group Count": 2,
      "Max Group Count": 4
    },
    {
      "Entity Class": "org.zawamod.entity.flying.EntityGreatHornedOwl",
      "Weight": 9,
      "Min Group Count": 1,
      "Max Group Count": 3
    },
    {
      "Entity Class": "org.zawamod.entity.land.EntityGrizzlyBear",
      "Weight": 10,
      "Min Group Count": 1,
      "Max Group Count": 3
    },
    {
      "Entity Class": "org.zawamod.entity.land.EntityJaguar",
      "Weight": 10,
      "Min Group Count": 1,
      "Max Group Count": 3
    },
    {
      "Entity Class": "org.zawamod.entity.land.EntityKomodoDragon",
      "Weight": 15,
      "Min Group Count": 2,
      "Max Group Count": 4
    },
    {
      "Entity Class": "org.zawamod.entity.land.EntityMoose",
      "Weight": 15,
      "Min Group Count": 2,
      "Max Group Count": 3
    },
    {
      "Entity Class": "org.zawamod.entity.land.EntityPlatypus",
      "Weight": 15,
      "Min Group Count": 2,
      "Max Group Count": 3
    },
    {
      "Entity Class": "org.zawamod.entity.land.EntityPygmyHippo",
      "Weight": 20,
      "Min Group Count": 3,
      "Max Group Count": 5
    },
    {
      "Entity Class": "org.zawamod.entity.land.EntityRattleSnake",
      "Weight": 8,
      "Min Group Count": 1,
      "Max Group Count": 2
    },
    {
      "Entity Class": "org.zawamod.entity.land.EntitySumatranRhinoceros",
      "Weight": 20,
      "Min Group Count": 3,
      "Max Group Count": 5
    },
    {
      "Entity Class": "org.zawamod.entity.land.EntityTasmanianDevil",
      "Weight": 15,
      "Min Group Count": 1,
      "Max Group Count": 2
    },
    {
      "Entity Class": "org.zawamod.entity.land.EntityThreeToedSloth",
      "Weight": 10,
      "Min Group Count": 2,
      "Max Group Count": 3
    },
    {
      "Entity Class": "org.zawamod.entity.npc.EntityPoacher",
      "Weight": 3,
      "Min Group Count": 0,
      "Max Group Count": 1
    }
  ],
  "Spawnable Monsters": [
    {
      "Entity Class": "net.minecraft.entity.monster.EntitySpider",
      "Weight": 100,
      "Min Group Count": 4,
      "Max Group Count": 4
    },
    {
      "Entity Class": "net.minecraft.entity.monster.EntityZombie",
      "Weight": 95,
      "Min Group Count": 4,
      "Max Group Count": 4
    },
    {
      "Entity Class": "net.minecraft.entity.monster.EntityZombieVillager",
      "Weight": 5,
      "Min Group Count": 1,
      "Max Group Count": 1
    },
    {
      "Entity Class": "net.minecraft.entity.monster.EntitySkeleton",
      "Weight": 100,
      "Min Group Count": 4,
      "Max Group Count": 4
    },
    {
      "Entity Class": "net.minecraft.entity.monster.EntityCreeper",
      "Weight": 100,
      "Min Group Count": 4,
      "Max Group Count": 4
    },
    {
      "Entity Class": "net.minecraft.entity.monster.EntitySlime",
      "Weight": 100,
      "Min Group Count": 4,
      "Max Group Count": 4
    },
    {
      "Entity Class": "net.minecraft.entity.monster.EntityEnderman",
      "Weight": 10,
      "Min Group Count": 1,
      "Max Group Count": 4
    },
    {
      "Entity Class": "net.minecraft.entity.monster.EntityWitch",
      "Weight": 5,
      "Min Group Count": 1,
      "Max Group Count": 1
    },
    {
      "Entity Class": "net.minecraft.entity.monster.EntitySlime",
      "Weight": 10,
      "Min Group Count": 1,
      "Max Group Count": 3
    },
    {
      "Entity Class": "drzhark.mocreatures.entity.monster.MoCEntityGolem",
      "Weight": 3,
      "Min Group Count": 1,
      "Max Group Count": 1
    },
    {
      "Entity Class": "drzhark.mocreatures.entity.monster.MoCEntityCaveOgre",
      "Weight": 5,
      "Min Group Count": 1,
      "Max Group Count": 2
    },
    {
      "Entity Class": "drzhark.mocreatures.entity.monster.MoCEntityFireOgre",
      "Weight": 6,
      "Min Group Count": 1,
      "Max Group Count": 2
    },
    {
      "Entity Class": "drzhark.mocreatures.entity.monster.MoCEntityFlameWraith",
      "Weight": 5,
      "Min Group Count": 1,
      "Max Group Count": 2
    },
    {
      "Entity Class": "drzhark.mocreatures.entity.monster.MoCEntityGreenOgre",
      "Weight": 8,
      "Min Group Count": 1,
      "Max Group Count": 2
    },
    {
      "Entity Class": "drzhark.mocreatures.entity.monster.MoCEntityHorseMob",
      "Weight": 8,
      "Min Group Count": 1,
      "Max Group Count": 3
    },
    {
      "Entity Class": "drzhark.mocreatures.entity.monster.MoCEntityManticore",
      "Weight": 8,
      "Min Group Count": 1,
      "Max Group Count": 3
    },
    {
      "Entity Class": "drzhark.mocreatures.entity.monster.MoCEntityMiniGolem",
      "Weight": 6,
      "Min Group Count": 1,
      "Max Group Count": 3
    },
    {
      "Entity Class": "drzhark.mocreatures.entity.monster.MoCEntityRat",
      "Weight": 7,
      "Min Group Count": 1,
      "Max Group Count": 2
    },
    {
      "Entity Class": "drzhark.mocreatures.entity.monster.MoCEntityScorpion",
      "Weight": 6,
      "Min Group Count": 1,
      "Max Group Count": 3
    },
    {
      "Entity Class": "drzhark.mocreatures.entity.monster.MoCEntitySilverSkeleton",
      "Weight": 6,
      "Min Group Count": 1,
      "Max Group Count": 4
    },
    {
      "Entity Class": "drzhark.mocreatures.entity.monster.MoCEntityWerewolf",
      "Weight": 8,
      "Min Group Count": 1,
      "Max Group Count": 4
    },
    {
      "Entity Class": "drzhark.mocreatures.entity.monster.MoCEntityWraith",
      "Weight": 6,
      "Min Group Count": 1,
      "Max Group Count": 4
    },
    {
      "Entity Class": "drzhark.mocreatures.entity.monster.MoCEntityWWolf",
      "Weight": 8,
      "Min Group Count": 1,
      "Max Group Count": 3
    },
    {
      "Entity Class": "me.swirtzly.angels.common.entities.EntityWeepingAngel",
      "Weight": 5,
      "Min Group Count": 1,
      "Max Group Count": 4
    },
    {
      "Entity Class": "com.bobmowzie.mowziesmobs.server.entity.grottol.EntityGrottol",
      "Weight": 2,
      "Min Group Count": 1,
      "Max Group Count": 1
    }
  ],
  "Spawnable Water Creatures": [
    {
      "Entity Class": "epicsquid.mysticalworld.entity.EntityClam",
      "Weight": 14,
      "Min Group Count": 1,
      "Max Group Count": 1
    },
    {
      "Entity Class": "drzhark.mocreatures.entity.aquatic.MoCEntityAnchovy",
      "Weight": 12,
      "Min Group Count": 1,
      "Max Group Count": 6
    },
    {
      "Entity Class": "drzhark.mocreatures.entity.aquatic.MoCEntityAngelFish",
      "Weight": 12,
      "Min Group Count": 1,
      "Max Group Count": 6
    },
    {
      "Entity Class": "drzhark.mocreatures.entity.aquatic.MoCEntityAngler",
      "Weight": 12,
      "Min Group Count": 1,
      "Max Group Count": 6
    },
    {
      "Entity Class": "drzhark.mocreatures.entity.aquatic.MoCEntityBass",
      "Weight": 10,
      "Min Group Count": 1,
      "Max Group Count": 4
    },
    {
      "Entity Class": "drzhark.mocreatures.entity.aquatic.MoCEntityClownFish",
      "Weight": 12,
      "Min Group Count": 1,
      "Max Group Count": 6
    },
    {
      "Entity Class": "drzhark.mocreatures.entity.aquatic.MoCEntityCod",
      "Weight": 10,
      "Min Group Count": 1,
      "Max Group Count": 4
    },
    {
      "Entity Class": "drzhark.mocreatures.entity.aquatic.MoCEntityFishy",
      "Weight": 12,
      "Min Group Count": 1,
      "Max Group Count": 6
    },
    {
      "Entity Class": "drzhark.mocreatures.entity.aquatic.MoCEntityGoldFish",
      "Weight": 12,
      "Min Group Count": 1,
      "Max Group Count": 6
    },
    {
      "Entity Class": "drzhark.mocreatures.entity.aquatic.MoCEntityHippoTang",
      "Weight": 12,
      "Min Group Count": 1,
      "Max Group Count": 6
    },
    {
      "Entity Class": "drzhark.mocreatures.entity.aquatic.MoCEntityManderin",
      "Weight": 12,
      "Min Group Count": 1,
      "Max Group Count": 6
    },
    {
      "Entity Class": "drzhark.mocreatures.entity.aquatic.MoCEntityPiranha",
      "Weight": 4,
      "Min Group Count": 1,
      "Max Group Count": 3
    },
    {
      "Entity Class": "drzhark.mocreatures.entity.aquatic.MoCEntitySalmon",
      "Weight": 10,
      "Min Group Count": 1,
      "Max Group Count": 4
    },
    {
      "Entity Class": "drzhark.mocreatures.entity.aquatic.MoCEntityStingRay",
      "Weight": 10,
      "Min Group Count": 1,
      "Max Group Count": 2
    },
    {
      "Entity Class": "org.zawamod.entity.water.EntityCichlid",
      "Weight": 20,
      "Min Group Count": 2,
      "Max Group Count": 5
    }
  ],
  "Spawnable Cave Creatures": [
    {
      "Entity Class": "familiarfauna.entities.EntityDragonfly",
      "Weight": 1,
      "Min Group Count": 1,
      "Max Group Count": 2
    },
    {
      "Entity Class": "drzhark.mocreatures.entity.ambient.MoCEntityAnt",
      "Weight": 7,
      "Min Group Count": 1,
      "Max Group Count": 4
    },
    {
      "Entity Class": "drzhark.mocreatures.entity.ambient.MoCEntityBee",
      "Weight": 6,
      "Min Group Count": 1,
      "Max Group Count": 2
    },
    {
      "Entity Class": "drzhark.mocreatures.entity.ambient.MoCEntityButterfly",
      "Weight": 8,
      "Min Group Count": 1,
      "Max Group Count": 3
    },
    {
      "Entity Class": "drzhark.mocreatures.entity.ambient.MoCEntityCricket",
      "Weight": 8,
      "Min Group Count": 1,
      "Max Group Count": 2
    },
    {
      "Entity Class": "drzhark.mocreatures.entity.ambient.MoCEntityDragonfly",
      "Weight": 6,
      "Min Group Count": 1,
      "Max Group Count": 2
    },
    {
      "Entity Class": "drzhark.mocreatures.entity.ambient.MoCEntityFirefly",
      "Weight": 8,
      "Min Group Count": 1,
      "Max Group Count": 2
    },
    {
      "Entity Class": "drzhark.mocreatures.entity.ambient.MoCEntityFly",
      "Weight": 8,
      "Min Group Count": 1,
      "Max Group Count": 2
    },
    {
      "Entity Class": "drzhark.mocreatures.entity.ambient.MoCEntityMaggot",
      "Weight": 8,
      "Min Group Count": 1,
      "Max Group Count": 2
    },
    {
      "Entity Class": "drzhark.mocreatures.entity.ambient.MoCEntityRoach",
      "Weight": 8,
      "Min Group Count": 1,
      "Max Group Count": 2
    },
    {
      "Entity Class": "drzhark.mocreatures.entity.ambient.MoCEntitySnail",
      "Weight": 7,
      "Min Group Count": 1,
      "Max Group Count": 2
    },
    {
      "Entity Class": "ladysnake.lumen.common.entities.EntityFirefly",
      "Weight": 50,
      "Min Group Count": 0,
      "Max Group Count": 40
    },
    {
      "Entity Class": "ladysnake.lumen.common.entities.EntityLightningBug",
      "Weight": 50,
      "Min Group Count": 0,
      "Max Group Count": 40
    },
    {
      "Entity Class": "vibrantjourneys.entities.passive.EntitySmallSpider",
      "Weight": 0,
      "Min Group Count": 1,
      "Max Group Count": 6
    }
  ],
  "Spawn Biome": true,
  "Tweaked": true,
  "BOP Generators": {
    "LILYPAD Generators": [
      {
        "ID": "flora",
        "Name": "medium_lily"
      },
      {
        "ID": "flora",
        "Name": "algae"
      },
      {
        "ID": "flora",
        "Name": "small_lily"
      },
      {
        "ID": "flora",
        "Name": "flower_lily"
      },
      {
        "ID": "flora",
        "Name": "tiny_lily"
      },
      {
        "ID": "flora",
        "Name": "water_reeds"
      },
      {
        "ID": "flora",
        "Name": "lily"
      }
    ],
    "FLOWERS Generators": [
      {
        "ID": "flora",
        "Name": "cattail"
      },
      {
        "ID": "flora",
        "Name": "dead_leaf_piles"
      },
      {
        "ID": "flora",
        "Name": "koru"
      },
      {
        "ID": "double_flora",
        "Name": "double_cattail"
      },
      {
        "ID": "flora",
        "Name": "glowshrooms"
      },
      {
        "ID": "flora",
        "Name": "leaf_piles"
      },
      {
        "ID": "weighted",
        "Name": "flowers"
      },
      {
        "ID": "flora",
        "Name": "miners_delight"
      },
      {
        "ID": "flora",
        "Name": "roots"
      },
      {
        "ID": "columns",
        "Name": "sugar_cane"
      },
      {
        "ID": "columns",
        "Name": "river_cane"
      }
    ],
    "GRASS Generators": [
      {
        "ID": "weighted",
        "Name": "grass"
      }
    ],
    "SAND Generators": [
      {
        "ID": "ore_single",
        "Name": "malachite"
      }
    ],
    "SAND_PASS2 Generators": [
      {
        "ID": "waterside",
        "Name": "mud"
      }
    ],
    "SHROOM Generators": [
      {
        "ID": "flora",
        "Name": "brown_mushrooms"
      },
      {
        "ID": "flora",
        "Name": "blue_milk_caps"
      },
      {
        "ID": "flora",
        "Name": "red_mushrooms"
      },
      {
        "ID": "flora",
        "Name": "flat_mushroom"
      },
      {
        "ID": "flora",
        "Name": "toadstools"
      }
    ]
  },
  "BOP Owner": "BIOMESOPLENTY",
  "BOP Weight Map": {
    "COLD_SWAMP": 5,
    "WET_TEMPERATE": 7
  },
  "BOP Climate Weights": {
    "COLD_SWAMP": [
      5
    ],
    "WET_TEMPERATE": [
      7
    ]
  },
  "BOP Island Weight": 0
}