
{
  "ID": 114,
  "Name": "WyvernLair",
  "Resource Location": "mocreatures:wyvernbiome",
  "Class": "drzhark.mocreatures.dimension.BiomeGenWyvernLair",
  "Root Height": 0.3,
  "Height Variation": 1.5,
  "Top Block": "mocreatures:mocgrass[variant\u003dwyvern_lair]",
  "Filler Block": "mocreatures:mocdirt[variant\u003dwyvern_lair]",
  "Ocean Top Block": "Disabled. Activate in BiomeTweakerCore.",
  "Ocean Filler Block": "Disabled. Activate in BiomeTweakerCore.",
  "Actual Filler Blocks": "Disabled. Activate in BiomeTweakerCore.",
  "Grass Color": "Disabled. Activate in BiomeTweakerCore.",
  "Foliage Color": "Disabled. Activate in BiomeTweakerCore.",
  "Water Color": "16777215",
  "Temperature": 0.5,
  "Humidity": 0.5,
  "Water Tint": 16777215,
  "Enable Rain": true,
  "Enable Snow": false,
  "Dictionary Types": [
    "FOREST",
    "END"
  ],
  "BiomeManager Entries": {},
  "Spawnable Creatures": [
    {
      "Entity Class": "drzhark.mocreatures.entity.passive.MoCEntityBunny",
      "Weight": 6,
      "Min Group Count": 2,
      "Max Group Count": 3
    },
    {
      "Entity Class": "drzhark.mocreatures.entity.ambient.MoCEntityDragonfly",
      "Weight": 8,
      "Min Group Count": 2,
      "Max Group Count": 3
    },
    {
      "Entity Class": "drzhark.mocreatures.entity.passive.MoCEntitySnake",
      "Weight": 6,
      "Min Group Count": 1,
      "Max Group Count": 2
    },
    {
      "Entity Class": "drzhark.mocreatures.entity.passive.MoCEntityWyvern",
      "Weight": 10,
      "Min Group Count": 1,
      "Max Group Count": 4
    },
    {
      "Entity Class": "drzhark.mocreatures.entity.passive.MoCEntityBird",
      "Weight": 15,
      "Min Group Count": 2,
      "Max Group Count": 3
    },
    {
      "Entity Class": "drzhark.mocreatures.entity.passive.MoCEntityBlackBear",
      "Weight": 6,
      "Min Group Count": 1,
      "Max Group Count": 3
    },
    {
      "Entity Class": "drzhark.mocreatures.entity.passive.MoCEntityBoar",
      "Weight": 8,
      "Min Group Count": 2,
      "Max Group Count": 2
    },
    {
      "Entity Class": "drzhark.mocreatures.entity.passive.MoCEntityBunny",
      "Weight": 8,
      "Min Group Count": 2,
      "Max Group Count": 3
    },
    {
      "Entity Class": "drzhark.mocreatures.entity.passive.MoCEntityDeer",
      "Weight": 8,
      "Min Group Count": 1,
      "Max Group Count": 2
    },
    {
      "Entity Class": "drzhark.mocreatures.entity.passive.MoCEntityDuck",
      "Weight": 8,
      "Min Group Count": 1,
      "Max Group Count": 2
    },
    {
      "Entity Class": "drzhark.mocreatures.entity.passive.MoCEntityElephant",
      "Weight": 4,
      "Min Group Count": 1,
      "Max Group Count": 1
    },
    {
      "Entity Class": "drzhark.mocreatures.entity.passive.MoCEntityEnt",
      "Weight": 4,
      "Min Group Count": 1,
      "Max Group Count": 2
    },
    {
      "Entity Class": "drzhark.mocreatures.entity.passive.MoCEntityFox",
      "Weight": 8,
      "Min Group Count": 1,
      "Max Group Count": 1
    },
    {
      "Entity Class": "drzhark.mocreatures.entity.passive.MoCEntityGoat",
      "Weight": 8,
      "Min Group Count": 1,
      "Max Group Count": 3
    },
    {
      "Entity Class": "drzhark.mocreatures.entity.passive.MoCEntityGrizzlyBear",
      "Weight": 6,
      "Min Group Count": 1,
      "Max Group Count": 2
    },
    {
      "Entity Class": "drzhark.mocreatures.entity.passive.MoCEntityMole",
      "Weight": 7,
      "Min Group Count": 1,
      "Max Group Count": 2
    },
    {
      "Entity Class": "drzhark.mocreatures.entity.passive.MoCEntityMouse",
      "Weight": 7,
      "Min Group Count": 1,
      "Max Group Count": 2
    },
    {
      "Entity Class": "drzhark.mocreatures.entity.passive.MoCEntityPandaBear",
      "Weight": 6,
      "Min Group Count": 1,
      "Max Group Count": 3
    },
    {
      "Entity Class": "drzhark.mocreatures.entity.passive.MoCEntityPanther",
      "Weight": 6,
      "Min Group Count": 1,
      "Max Group Count": 2
    },
    {
      "Entity Class": "drzhark.mocreatures.entity.passive.MoCEntityRaccoon",
      "Weight": 8,
      "Min Group Count": 1,
      "Max Group Count": 2
    },
    {
      "Entity Class": "drzhark.mocreatures.entity.passive.MoCEntitySnake",
      "Weight": 8,
      "Min Group Count": 1,
      "Max Group Count": 2
    },
    {
      "Entity Class": "drzhark.mocreatures.entity.passive.MoCEntityTiger",
      "Weight": 6,
      "Min Group Count": 1,
      "Max Group Count": 2
    },
    {
      "Entity Class": "drzhark.mocreatures.entity.passive.MoCEntityHorse",
      "Weight": 8,
      "Min Group Count": 1,
      "Max Group Count": 4
    },
    {
      "Entity Class": "com.ikerleon.birdwmod.entity.europe.EntityEurasianBullfinch",
      "Weight": 15,
      "Min Group Count": 1,
      "Max Group Count": 4
    },
    {
      "Entity Class": "org.zawamod.entity.land.EntityGaur",
      "Weight": 5,
      "Min Group Count": 2,
      "Max Group Count": 5
    },
    {
      "Entity Class": "org.zawamod.entity.land.EntityKoala",
      "Weight": 20,
      "Min Group Count": 1,
      "Max Group Count": 1
    },
    {
      "Entity Class": "org.zawamod.entity.land.EntityOkapi",
      "Weight": 5,
      "Min Group Count": 1,
      "Max Group Count": 1
    },
    {
      "Entity Class": "org.zawamod.entity.land.EntityTreeFrog",
      "Weight": 25,
      "Min Group Count": 2,
      "Max Group Count": 4
    },
    {
      "Entity Class": "org.zawamod.entity.npc.EntityFeedTrader",
      "Weight": 3,
      "Min Group Count": 0,
      "Max Group Count": 1
    },
    {
      "Entity Class": "org.zawamod.entity.npc.EntityZooKeeper",
      "Weight": 3,
      "Min Group Count": 0,
      "Max Group Count": 1
    },
    {
      "Entity Class": "org.zawamod.entity.land.EntityBrownRat",
      "Weight": 6,
      "Min Group Count": 2,
      "Max Group Count": 5
    },
    {
      "Entity Class": "org.zawamod.entity.land.EntityEchidna",
      "Weight": 15,
      "Min Group Count": 2,
      "Max Group Count": 4
    },
    {
      "Entity Class": "org.zawamod.entity.flying.EntityFrigate",
      "Weight": 12,
      "Min Group Count": 2,
      "Max Group Count": 4
    },
    {
      "Entity Class": "org.zawamod.entity.flying.EntityGreatHornedOwl",
      "Weight": 9,
      "Min Group Count": 1,
      "Max Group Count": 3
    },
    {
      "Entity Class": "org.zawamod.entity.land.EntityGrizzlyBear",
      "Weight": 10,
      "Min Group Count": 1,
      "Max Group Count": 3
    },
    {
      "Entity Class": "org.zawamod.entity.land.EntityKomodoDragon",
      "Weight": 15,
      "Min Group Count": 2,
      "Max Group Count": 4
    },
    {
      "Entity Class": "org.zawamod.entity.land.EntityMoose",
      "Weight": 15,
      "Min Group Count": 2,
      "Max Group Count": 3
    },
    {
      "Entity Class": "org.zawamod.entity.land.EntityPlatypus",
      "Weight": 15,
      "Min Group Count": 2,
      "Max Group Count": 3
    },
    {
      "Entity Class": "org.zawamod.entity.land.EntityRattleSnake",
      "Weight": 8,
      "Min Group Count": 1,
      "Max Group Count": 2
    },
    {
      "Entity Class": "org.zawamod.entity.land.EntityTasmanianDevil",
      "Weight": 15,
      "Min Group Count": 1,
      "Max Group Count": 2
    },
    {
      "Entity Class": "org.zawamod.entity.npc.EntityBotanist",
      "Weight": 3,
      "Min Group Count": 0,
      "Max Group Count": 1
    },
    {
      "Entity Class": "org.zawamod.entity.npc.EntityPoacher",
      "Weight": 3,
      "Min Group Count": 0,
      "Max Group Count": 1
    }
  ],
  "Spawnable Monsters": [
    {
      "Entity Class": "drzhark.mocreatures.entity.monster.MoCEntityGolem",
      "Weight": 3,
      "Min Group Count": 1,
      "Max Group Count": 1
    },
    {
      "Entity Class": "drzhark.mocreatures.entity.monster.MoCEntityCaveOgre",
      "Weight": 5,
      "Min Group Count": 1,
      "Max Group Count": 2
    },
    {
      "Entity Class": "drzhark.mocreatures.entity.monster.MoCEntityFireOgre",
      "Weight": 6,
      "Min Group Count": 1,
      "Max Group Count": 2
    },
    {
      "Entity Class": "drzhark.mocreatures.entity.monster.MoCEntityFlameWraith",
      "Weight": 5,
      "Min Group Count": 1,
      "Max Group Count": 2
    },
    {
      "Entity Class": "drzhark.mocreatures.entity.monster.MoCEntityGreenOgre",
      "Weight": 8,
      "Min Group Count": 1,
      "Max Group Count": 2
    },
    {
      "Entity Class": "drzhark.mocreatures.entity.monster.MoCEntityHorseMob",
      "Weight": 8,
      "Min Group Count": 1,
      "Max Group Count": 3
    },
    {
      "Entity Class": "drzhark.mocreatures.entity.monster.MoCEntityManticore",
      "Weight": 8,
      "Min Group Count": 1,
      "Max Group Count": 3
    },
    {
      "Entity Class": "drzhark.mocreatures.entity.monster.MoCEntityMiniGolem",
      "Weight": 6,
      "Min Group Count": 1,
      "Max Group Count": 3
    },
    {
      "Entity Class": "drzhark.mocreatures.entity.monster.MoCEntityRat",
      "Weight": 7,
      "Min Group Count": 1,
      "Max Group Count": 2
    },
    {
      "Entity Class": "drzhark.mocreatures.entity.monster.MoCEntityScorpion",
      "Weight": 6,
      "Min Group Count": 1,
      "Max Group Count": 3
    },
    {
      "Entity Class": "drzhark.mocreatures.entity.monster.MoCEntitySilverSkeleton",
      "Weight": 6,
      "Min Group Count": 1,
      "Max Group Count": 4
    },
    {
      "Entity Class": "drzhark.mocreatures.entity.monster.MoCEntityWerewolf",
      "Weight": 8,
      "Min Group Count": 1,
      "Max Group Count": 4
    },
    {
      "Entity Class": "drzhark.mocreatures.entity.monster.MoCEntityWraith",
      "Weight": 6,
      "Min Group Count": 1,
      "Max Group Count": 4
    },
    {
      "Entity Class": "drzhark.mocreatures.entity.monster.MoCEntityWWolf",
      "Weight": 8,
      "Min Group Count": 1,
      "Max Group Count": 3
    },
    {
      "Entity Class": "me.swirtzly.angels.common.entities.EntityWeepingAngel",
      "Weight": 5,
      "Min Group Count": 1,
      "Max Group Count": 4
    },
    {
      "Entity Class": "com.bobmowzie.mowziesmobs.server.entity.grottol.EntityGrottol",
      "Weight": 2,
      "Min Group Count": 1,
      "Max Group Count": 1
    }
  ],
  "Spawnable Water Creatures": [],
  "Spawnable Cave Creatures": [
    {
      "Entity Class": "drzhark.mocreatures.entity.ambient.MoCEntityAnt",
      "Weight": 7,
      "Min Group Count": 1,
      "Max Group Count": 4
    },
    {
      "Entity Class": "drzhark.mocreatures.entity.ambient.MoCEntityBee",
      "Weight": 6,
      "Min Group Count": 1,
      "Max Group Count": 2
    },
    {
      "Entity Class": "drzhark.mocreatures.entity.ambient.MoCEntityButterfly",
      "Weight": 8,
      "Min Group Count": 1,
      "Max Group Count": 3
    },
    {
      "Entity Class": "drzhark.mocreatures.entity.ambient.MoCEntityCricket",
      "Weight": 8,
      "Min Group Count": 1,
      "Max Group Count": 2
    },
    {
      "Entity Class": "drzhark.mocreatures.entity.ambient.MoCEntityDragonfly",
      "Weight": 6,
      "Min Group Count": 1,
      "Max Group Count": 2
    },
    {
      "Entity Class": "drzhark.mocreatures.entity.ambient.MoCEntityFirefly",
      "Weight": 8,
      "Min Group Count": 1,
      "Max Group Count": 2
    },
    {
      "Entity Class": "drzhark.mocreatures.entity.ambient.MoCEntityFly",
      "Weight": 8,
      "Min Group Count": 1,
      "Max Group Count": 2
    },
    {
      "Entity Class": "drzhark.mocreatures.entity.ambient.MoCEntityMaggot",
      "Weight": 8,
      "Min Group Count": 1,
      "Max Group Count": 2
    },
    {
      "Entity Class": "drzhark.mocreatures.entity.ambient.MoCEntityRoach",
      "Weight": 8,
      "Min Group Count": 1,
      "Max Group Count": 2
    },
    {
      "Entity Class": "drzhark.mocreatures.entity.ambient.MoCEntitySnail",
      "Weight": 7,
      "Min Group Count": 1,
      "Max Group Count": 2
    },
    {
      "Entity Class": "ladysnake.lumen.common.entities.EntityFirefly",
      "Weight": 50,
      "Min Group Count": 0,
      "Max Group Count": 40
    },
    {
      "Entity Class": "ladysnake.lumen.common.entities.EntityLightningBug",
      "Weight": 50,
      "Min Group Count": 0,
      "Max Group Count": 40
    }
  ],
  "Spawn Biome": false,
  "Tweaked": true,
  "BOP Generators": {
    "FLOWERS Generators": [
      {
        "ID": "flora",
        "Name": "glowshrooms"
      },
      {
        "ID": "flora",
        "Name": "miners_delight"
      },
      {
        "ID": "flora",
        "Name": "roots"
      }
    ]
  },
  "BOP Owner": "OTHER",
  "BOP Weight Map": {},
  "BOP Climate Weights": {},
  "BOP Island Weight": 0
}