{
	"credit": "Made with Blockbench",
	"ambientocclusion": false,
	"texture_size": [64, 64],
	"textures": {
		"0": "block/illuminant_warped_blossom",
		"particle": "block/warped_blossom"
	},
	"elements": [
		{
			"from": [0, 0, 0],
			"to": [16, 0, 16],
			"rotation": {"angle": 0, "axis": "z", "origin": [8.75, -0.65, 8.5]},
			"faces": {
				"north": {"uv": [0, 0, 4, 0], "texture": "#0"},
				"east": {"uv": [0, 0, 4, 0], "texture": "#0"},
				"south": {"uv": [0, 0, 4, 0], "texture": "#0"},
				"west": {"uv": [0, 0, 4, 0], "texture": "#0"},
				"up": {"uv": [15.75, 4.25, 11.75, 0.25], "texture": "#0"},
				"down": {"uv": [4, 4, 0, 8], "texture": "#0"}
			}
		},
		{
			"from": [5, 1.4, 8.75],
			"to": [11, 1.4, 19.75],
			"rotation": {"angle": -22.5, "axis": "x", "origin": [8, 1.4, 12.25]},
			"faces": {
				"north": {"uv": [0, 0, 1.5, 0], "texture": "#0"},
				"east": {"uv": [0, 0, 2.25, 0], "texture": "#0"},
				"south": {"uv": [0, 0, 1.5, 0], "texture": "#0"},
				"west": {"uv": [0, 0, 2.25, 0], "texture": "#0"},
				"up": {"uv": [7, 8.25, 5.5, 5.5], "rotation": 180, "texture": "#0"},
				"down": {"uv": [5.5, 8.25, 7, 5.5], "texture": "#0"}
			}
		},
		{
			"from": [5, 1.4, -3.5],
			"to": [11, 1.4, 7.5],
			"rotation": {"angle": 22.5, "axis": "x", "origin": [8, 1.4, 4]},
			"faces": {
				"north": {"uv": [0, 0, 1.5, 0], "texture": "#0"},
				"east": {"uv": [0, 0, 2.25, 0], "texture": "#0"},
				"south": {"uv": [0, 0, 1.5, 0], "texture": "#0"},
				"west": {"uv": [0, 0, 2.25, 0], "texture": "#0"},
				"up": {"uv": [7, 8.25, 5.5, 5.5], "texture": "#0"},
				"down": {"uv": [5.5, 8.25, 7, 5.5], "rotation": 180, "texture": "#0"}
			}
		},
		{
			"from": [8.75, 1.35, 5],
			"to": [19.75, 1.35, 11],
			"rotation": {"angle": 22.5, "axis": "z", "origin": [12.25, 1.35, 8]},
			"faces": {
				"north": {"uv": [0, 0, 2.25, 0], "texture": "#0"},
				"east": {"uv": [0, 0, 1.5, 0], "texture": "#0"},
				"south": {"uv": [0, 0, 2.25, 0], "texture": "#0"},
				"west": {"uv": [0, 0, 1.5, 0], "texture": "#0"},
				"up": {"uv": [7, 8.25, 5.5, 5.5], "rotation": 90, "texture": "#0"},
				"down": {"uv": [5.5, 8.25, 7, 5.5], "rotation": 90, "texture": "#0"}
			}
		},
		{
			"from": [-3.5, 1.35, 5],
			"to": [7.5, 1.35, 11],
			"rotation": {"angle": -22.5, "axis": "z", "origin": [4, 1.35, 8]},
			"faces": {
				"north": {"uv": [0, 0, 2.25, 0], "texture": "#0"},
				"east": {"uv": [0, 0, 1.5, 0], "texture": "#0"},
				"south": {"uv": [0, 0, 2.25, 0], "texture": "#0"},
				"west": {"uv": [0, 0, 1.5, 0], "texture": "#0"},
				"up": {"uv": [7, 8.25, 5.5, 5.5], "rotation": 270, "texture": "#0"},
				"down": {"uv": [5.5, 8.25, 7, 5.5], "rotation": 270, "texture": "#0"}
			}
		}
	],
	"display": {
		"thirdperson_righthand": {
			"rotation": [-2.25, 45, 0],
			"translation": [0, 4, 2.25],
			"scale": [0.47, 0.47, 0.47]
		},
		"thirdperson_lefthand": {
			"rotation": [-2.25, 46, 1],
			"translation": [0, 4, 2.25],
			"scale": [0.47, 0.47, 0.47]
		},
		"firstperson_righthand": {
			"rotation": [-1.5, -8, 30.25],
			"translation": [-1.5, 6.75, 1.5],
			"scale": [0.55, 0.55, 0.55]
		},
		"firstperson_lefthand": {
			"rotation": [-1.5, -8, 30.25],
			"translation": [-1.5, 6.75, 1.5],
			"scale": [0.55, 0.55, 0.55]
		},
		"ground": {
			"translation": [0, 2, 0],
			"scale": [0.4, 0.4, 0.4]
		},
		"gui": {
			"rotation": [34.75, -136.5, -2.25],
			"translation": [0, 3.5, 0],
			"scale": [0.84, 0.84, 0.84]
		},
		"head": {
			"rotation": [-87.75, 29, 2],
			"translation": [-4.5, 6, -11.5],
			"scale": [0.5, 0.5, 0.5]
		},
		"fixed": {
			"rotation": [-90, 0, 0],
			"translation": [0, 0, -15.25],
			"scale": [2, 2, 2]
		}
	},
	"groups": [0,
		{
			"name": "group",
			"origin": [4, 1.35, 8],
			"children": [1, 2, 3, 4]
		}
	]
}