{
	"textures": {
		"0": "mcwbridges:blocks/bamboo_stalk",
		"1": "mcwbridges:blocks/bamboo_small_leaves",
		"2": "mcwbridges:blocks/bamboo_large_leaves",
		"particle": "mcwbridges:blocks/bamboo_small_leaves"
	},
	"elements": [
		{
			"from": [0, 0, 0],
			"to": [16, 3, 3],
			"faces": {
				"north": {"uv": [3, 0, 6, 16], "rotation": 270, "texture": "#0"},
				"east": {"uv": [13, 4, 16, 7], "texture": "#0"},
				"south": {"uv": [3, 0, 6, 16], "rotation": 90, "texture": "#0"},
				"west": {"uv": [13, 0, 16, 3], "texture": "#0"},
				"up": {"uv": [3, 0, 6, 16], "rotation": 90, "texture": "#0"},
				"down": {"uv": [3, 0, 6, 16], "rotation": 90, "texture": "#0"}
			}
		},
		{
			"from": [0, 0, 4],
			"to": [16, 3, 7],
			"rotation": {"angle": 0, "axis": "y", "origin": [8, 8, 12]},
			"faces": {
				"north": {"uv": [0, 0, 3, 16], "rotation": 270, "texture": "#0"},
				"east": {"uv": [13, 0, 16, 3], "texture": "#0"},
				"south": {"uv": [0, 0, 3, 16], "rotation": 90, "texture": "#0"},
				"west": {"uv": [13, 4, 16, 7], "texture": "#0"},
				"up": {"uv": [0, 0, 3, 16], "rotation": 90, "texture": "#0"},
				"down": {"uv": [0, 0, 3, 16], "rotation": 90, "texture": "#0"}
			}
		},
		{
			"from": [6, 3.1, 0],
			"to": [9, 3.1, 16],
			"faces": {
				"up": {"uv": [2, 0, 5, 16], "texture": "#2"},
				"down": {"uv": [3, 0, 6, 16], "rotation": 180, "texture": "#2"}
			}
		},
		{
			"from": [6, -0.1, 0],
			"to": [9, -0.1, 16],
			"faces": {
				"up": {"uv": [2, 0, 5, 16], "texture": "#2"},
				"down": {"uv": [3, 0, 6, 16], "rotation": 180, "texture": "#2"}
			}
		},
		{
			"from": [0, 11, -6],
			"to": [16, 14, -3],
			"faces": {
				"north": {"uv": [0, 0, 3, 16], "rotation": 270, "texture": "#0"},
				"east": {"uv": [13, 0, 16, 3], "texture": "#0"},
				"south": {"uv": [0, 0, 3, 16], "rotation": 90, "texture": "#0"},
				"west": {"uv": [13, 4, 16, 7], "texture": "#0"},
				"up": {"uv": [0, 0, 3, 16], "rotation": 90, "texture": "#0"},
				"down": {"uv": [0, 0, 3, 16], "rotation": 90, "texture": "#0"}
			}
		},
		{
			"from": [0, -5, -6],
			"to": [16, 11, -6],
			"faces": {
				"north": {"uv": [16, 0, 0, 16], "texture": "#1"},
				"south": {"uv": [0, 0, 16, 16], "texture": "#1"}
			}
		},
		{
			"from": [0, -5, 22],
			"to": [16, 11, 22],
			"faces": {
				"north": {"uv": [0, 0, 16, 16], "texture": "#1"},
				"south": {"uv": [0, 0, 16, 16], "texture": "#1"}
			}
		},
		{
			"from": [0, 11, 19.6],
			"to": [16, 14, 22.6],
			"faces": {
				"north": {"uv": [6, 0, 9, 16], "rotation": 270, "texture": "#0"},
				"east": {"uv": [13, 4, 16, 7], "texture": "#0"},
				"south": {"uv": [6, 0, 9, 16], "rotation": 90, "texture": "#0"},
				"west": {"uv": [13, 0, 16, 3], "texture": "#0"},
				"up": {"uv": [6, 0, 9, 16], "rotation": 90, "texture": "#0"},
				"down": {"uv": [6, 0, 9, 16], "rotation": 90, "texture": "#0"}
			}
		},
		{
			"from": [0, 0, 9],
			"to": [16, 3, 12],
			"faces": {
				"north": {"uv": [6, 0, 9, 16], "rotation": 270, "texture": "#0"},
				"east": {"uv": [13, 4, 16, 7], "texture": "#0"},
				"south": {"uv": [6, 0, 9, 16], "rotation": 90, "texture": "#0"},
				"west": {"uv": [13, 0, 16, 3], "texture": "#0"},
				"up": {"uv": [6, 0, 9, 16], "rotation": 90, "texture": "#0"},
				"down": {"uv": [6, 0, 9, 16], "rotation": 90, "texture": "#0"}
			}
		},
		{
			"from": [0, 0, 13],
			"to": [16, 3, 16],
			"rotation": {"angle": 0, "axis": "y", "origin": [8, 8, 12]},
			"faces": {
				"north": {"uv": [9, 0, 12, 16], "rotation": 270, "texture": "#0"},
				"east": {"uv": [13, 0, 16, 3], "texture": "#0"},
				"south": {"uv": [9, 0, 12, 16], "rotation": 90, "texture": "#0"},
				"west": {"uv": [13, 4, 16, 7], "texture": "#0"},
				"up": {"uv": [9, 0, 12, 16], "rotation": 90, "texture": "#0"},
				"down": {"uv": [9, 0, 12, 16], "rotation": 90, "texture": "#0"}
			}
		},
		{
			"from": [6, -0.20848, 17.15744],
			"to": [9, 12.79152, 20.15744],
			"rotation": {"angle": 22.5, "axis": "x", "origin": [7.5, 6.29152, 18.65744]},
			"faces": {
				"north": {"uv": [9, 0, 12, 13], "texture": "#0"},
				"east": {"uv": [9, 0, 12, 13], "texture": "#0"},
				"south": {"uv": [9, 0, 12, 13], "texture": "#0"},
				"west": {"uv": [9, 0, 12, 13], "texture": "#0"},
				"down": {"uv": [13, 0, 16, 3], "rotation": 270, "texture": "#0"}
			}
		},
		{
			"from": [6, 7.79152, -1.84256],
			"to": [9, 20.79152, 1.15744],
			"rotation": {"angle": -22.5, "axis": "x", "origin": [7.5, 6.29152, 18.65744]},
			"faces": {
				"north": {"uv": [3, 3, 6, 16], "texture": "#0"},
				"east": {"uv": [3, 3, 6, 16], "texture": "#0"},
				"south": {"uv": [3, 3, 6, 16], "texture": "#0"},
				"west": {"uv": [3, 3, 6, 16], "texture": "#0"},
				"down": {"uv": [13, 0, 16, 3], "rotation": 90, "texture": "#0"}
			}
		}
	],
	"display": {
		"thirdperson_righthand": {
			"rotation": [57, 91, 0],
			"translation": [0, 1.25, 0.5],
			"scale": [0.15, 0.15, 0.15]
		},
		"thirdperson_lefthand": {
			"rotation": [64, 91, 0],
			"translation": [0, 1.25, 1],
			"scale": [0.15, 0.15, 0.15]
		},
		"firstperson_righthand": {
			"rotation": [-6, 80, -6],
			"translation": [1.75, 1.75, 0.5],
			"scale": [0.15, 0.15, 0.15]
		},
		"firstperson_lefthand": {
			"rotation": [-1, 78, 0],
			"translation": [2, 1.75, 0],
			"scale": [0.15, 0.15, 0.15]
		},
		"ground": {
			"translation": [0, -0.5, 0],
			"scale": [0.2, 0.2, 0.2]
		},
		"gui": {
			"rotation": [21, -39, 0],
			"translation": [0.25, 0.25, 0],
			"scale": [0.45, 0.45, 0.45]
		},
		"head": {
			"rotation": [-1, 0, 0],
			"translation": [2.75, 2.25, -1.75],
			"scale": [0.5, 0.5, 0.5]
		},
		"fixed": {
			"rotation": [1, 93, 0],
			"translation": [0.25, -0.25, -0.25],
			"scale": [0.66, 0.65, 0.43]
		}
	}
}