{
	"textures": {
		"0": "mcwbridges:blocks/bridge_2",
		"1": "mcwbridges:blocks/bridge_1",
		"particle": "mcwbridges:blocks/bridge_2"
	},
	"elements": [
		{
			"from": [-8, 0, 0],
			"to": [8, 1, 16],
			"rotation": {"angle": 0, "axis": "y", "origin": [8, -5, 8]},
			"faces": {
				"north": {"uv": [0, 0, 16, 1], "texture": "#0"},
				"south": {"uv": [0, 0, 16, 1], "texture": "#0"},
				"up": {"uv": [0, 0, 16, 16], "texture": "#0"},
				"down": {"uv": [0, 0, 16, 16], "texture": "#0"}
			}
		},
		{
			"from": [8, 0, 0],
			"to": [24, 1, 16],
			"rotation": {"angle": 0, "axis": "y", "origin": [8, -5, 8]},
			"faces": {
				"north": {"uv": [16, 0, 0, 1], "texture": "#0"},
				"south": {"uv": [16, 0, 0, 1], "texture": "#0"},
				"up": {"uv": [15, 0, 0, 16], "texture": "#0"},
				"down": {"uv": [15, 0, 0, 16], "texture": "#0"}
			}
		},
		{
			"from": [-11, -1, 0.01],
			"to": [-8, 2, 16.01],
			"rotation": {"angle": 0, "axis": "y", "origin": [8, -5, 8]},
			"faces": {
				"north": {"uv": [0, 0, 2, 2], "texture": "#1"},
				"east": {"uv": [0, 0, 16, 2], "texture": "#1"},
				"south": {"uv": [0, 0, 2, 2], "texture": "#1"},
				"west": {"uv": [0, 0, 16, 2], "texture": "#1"},
				"up": {"uv": [0, 0, 2, 16], "texture": "#1"},
				"down": {"uv": [0, 0, 2, 16], "texture": "#1"}
			}
		},
		{
			"from": [24, -1, 0.01],
			"to": [27, 2, 16.01],
			"rotation": {"angle": 0, "axis": "y", "origin": [8, -5, 8]},
			"faces": {
				"north": {"uv": [2, 0, 0, 2], "texture": "#1"},
				"east": {"uv": [16, 0, 0, 2], "texture": "#1"},
				"south": {"uv": [2, 0, 0, 2], "texture": "#1"},
				"west": {"uv": [16, 0, 0, 2], "texture": "#1"},
				"up": {"uv": [2, 0, 0, 16], "texture": "#1"},
				"down": {"uv": [2, 0, 0, 16], "texture": "#1"}
			}
		},
		{
			"from": [-10.01, 2, 7],
			"to": [-8.01, 15, 9],
			"rotation": {"angle": 0, "axis": "y", "origin": [8, -5, 8]},
			"faces": {
				"north": {"uv": [0, 0, 2, 16], "texture": "#1"},
				"east": {"uv": [0, 0, 2, 16], "texture": "#1"},
				"south": {"uv": [0, 0, 2, 16], "texture": "#1"},
				"west": {"uv": [0, 0, 2, 16], "texture": "#1"},
				"up": {"uv": [0, 0, 2, 2], "texture": "#1"}
			}
		},
		{
			"from": [24.01, 2, 7],
			"to": [26.01, 15, 9],
			"rotation": {"angle": 0, "axis": "y", "origin": [8, -5, 8]},
			"faces": {
				"north": {"uv": [2, 0, 0, 16], "texture": "#1"},
				"east": {"uv": [2, 0, 0, 16], "texture": "#1"},
				"south": {"uv": [2, 0, 0, 16], "texture": "#1"},
				"west": {"uv": [2, 0, 0, 16], "texture": "#1"},
				"up": {"uv": [2, 0, 0, 2], "texture": "#1"}
			}
		},
		{
			"from": [-9, 14, 0],
			"to": [-8, 16, 16],
			"rotation": {"angle": 0, "axis": "y", "origin": [8, -8, 8]},
			"faces": {
				"north": {"uv": [0, 0, 2, 2], "texture": "#1"},
				"east": {"uv": [0, 0, 16, 2], "texture": "#1"},
				"south": {"uv": [0, 0, 2, 2], "texture": "#1"},
				"west": {"uv": [0, 0, 16, 2], "texture": "#1"},
				"up": {"uv": [0, 0, 2, 16], "texture": "#1"},
				"down": {"uv": [0, 0, 2, 16], "texture": "#1"}
			}
		},
		{
			"from": [24, 14, 0],
			"to": [25, 16, 16],
			"rotation": {"angle": 0, "axis": "y", "origin": [8, -8, 8]},
			"faces": {
				"north": {"uv": [2, 0, 0, 2], "texture": "#1"},
				"east": {"uv": [16, 0, 0, 2], "texture": "#1"},
				"south": {"uv": [2, 0, 0, 2], "texture": "#1"},
				"west": {"uv": [16, 0, 0, 2], "texture": "#1"},
				"up": {"uv": [2, 0, 0, 16], "texture": "#1"},
				"down": {"uv": [2, 0, 0, 16], "texture": "#1"}
			}
		}
	],
	"display": {
		"thirdperson_righthand": {
			"rotation": [57, 2, 0],
			"translation": [0, 1.25, 0.5],
			"scale": [0.15, 0.15, 0.15]
		},
		"thirdperson_lefthand": {
			"rotation": [64, 4, 0],
			"translation": [0, 1.25, 1],
			"scale": [0.15, 0.15, 0.15]
		},
		"firstperson_righthand": {
			"rotation": [-6, -4, 2],
			"translation": [1.5, 1.5, 0.5],
			"scale": [0.15, 0.15, 0.15]
		},
		"firstperson_lefthand": {
			"rotation": [-1, -8, 6],
			"translation": [1.75, 1.25, 0],
			"scale": [0.15, 0.15, 0.15]
		},
		"ground": {
			"translation": [0, -1.25, 0],
			"scale": [0.2, 0.2, 0.2]
		},
		"gui": {
			"rotation": [21, -39, 0],
			"translation": [0, 0.25, 0],
			"scale": [0.36, 0.36, 0.36]
		},
		"head": {
			"rotation": [-1, 0, 0],
			"translation": [0, 10.5, 0],
			"scale": [0.5, 0.5, 0.5]
		},
		"fixed": {
			"rotation": [1, 4, 0],
			"translation": [0.25, -0.25, -0.25],
			"scale": [0.5, 0.5, 0.5]
		}
	}
}