{
	"ambientocclusion": false,
	"elements": [
		{
			"from": [0, 31, 0],
			"to": [16, 32, 16],
			"faces": {
				"north": {"uv": [16, 0, 0, 1], "texture": "#3"},
				"east": {"uv": [16, 0, 0, 1], "texture": "#3"},
				"south": {"uv": [16, 0, 0, 1], "texture": "#3"},
				"west": {"uv": [16, 0, 0, 1], "texture": "#3"},
				"up": {"uv": [0, 16, 16, 0], "texture": "#1"},
				"down": {"uv": [0, 16, 16, 0], "texture": "#3"}
			}
		},
		{
			"from": [1, 16, 1],
			"to": [15, 31, 15],
			"faces": {
				"north": {"uv": [14, 0, 0, 15], "texture": "#3"},
				"east": {"uv": [14, 0, 0, 15], "texture": "#3"},
				"south": {"uv": [14, 0, 0, 15], "texture": "#3"},
				"west": {"uv": [14, 0, 0, 15], "texture": "#3"}
			}
		},
		{
			"from": [0, 19, 2],
			"to": [1, 30, 14],
			"rotation": {"angle": 0, "axis": "y", "origin": [9, 8, 8]},
			"faces": {
				"north": {"uv": [1, 0, 0, 11], "texture": "#0"},
				"south": {"uv": [11, 1, 10, 12], "texture": "#0"},
				"west": {"uv": [13, 2, 1, 13], "texture": "#4"},
				"up": {"uv": [13, 0, 1, 1], "rotation": 90, "texture": "#0"}
			}
		},
		{
			"from": [0, 16, 2],
			"to": [1, 19, 14],
			"rotation": {"angle": 0, "axis": "y", "origin": [9, 8, 8]},
			"faces": {
				"north": {"uv": [3, 1, 2, 6], "texture": "#6"},
				"south": {"uv": [16, 1, 15, 6], "texture": "#6"},
				"west": {"uv": [15, 11, 3, 14], "texture": "#6"}
			}
		},
		{
			"from": [-0.1, 16, 3],
			"to": [0, 17, 7],
			"faces": {
				"north": {"uv": [0.01, 0, 0, 1], "texture": "#1_2"},
				"south": {"uv": [0.01, 0, 0, 1], "texture": "#1_2"},
				"west": {"uv": [2, 4, 3, 0], "rotation": 90, "texture": "#1_2"},
				"up": {"uv": [0, 4, 0.01, 0], "texture": "#1_2"},
				"down": {"uv": [0, 4, 0.01, 0], "texture": "#1_2"}
			}
		},
		{
			"from": [1, 1, 1],
			"to": [15, 16, 15],
			"faces": {
				"north": {"uv": [14, 0, 0, 15], "texture": "#3"},
				"east": {"uv": [14, 0, 0, 15], "texture": "#3"},
				"south": {"uv": [14, 0, 0, 15], "texture": "#3"},
				"west": {"uv": [14, 0, 0, 15], "texture": "#3"}
			}
		},
		{
			"from": [0, 0, 0],
			"to": [16, 1.01, 16],
			"faces": {
				"north": {"uv": [16, 15, 0, 16], "texture": "#3"},
				"east": {"uv": [16, 15, 0, 16], "texture": "#3"},
				"south": {"uv": [16, 15, 0, 16], "texture": "#3"},
				"west": {"uv": [16, 15, 0, 16], "texture": "#3"},
				"up": {"uv": [0, 16, 16, 0], "texture": "#1"},
				"down": {"uv": [0, 16, 16, 0], "texture": "#3"}
			}
		},
		{
			"from": [0, 2, 2],
			"to": [1, 14, 14],
			"rotation": {"angle": 0, "axis": "y", "origin": [9, 8, 8]},
			"faces": {
				"north": {"uv": [1, 2, 0, 14], "texture": "#0"},
				"south": {"uv": [16, 0, 15, 12], "texture": "#0"},
				"west": {"uv": [13, 2, 1, 14], "texture": "#4"},
				"down": {"uv": [12, 1, 0, 2], "rotation": 270, "texture": "#0"}
			}
		},
		{
			"from": [0, 14, 2],
			"to": [1, 16, 14],
			"rotation": {"angle": 0, "axis": "y", "origin": [9, 8, 8]},
			"faces": {
				"north": {"uv": [3, 1, 2, 6], "texture": "#6"},
				"south": {"uv": [16, 1, 15, 6], "texture": "#6"},
				"west": {"uv": [16, 14, 4, 16], "texture": "#6"}
			}
		}
	],
	"display": {
		"thirdperson_righthand": {
			"rotation": [90.25, -7, 0],
			"translation": [0, 2.5, 0],
			"scale": [0.2, 0.2, 0.2]
		},
		"thirdperson_lefthand": {
			"rotation": [89, 180, 0],
			"translation": [0, 2.5, 0],
			"scale": [0.2, 0.2, 0.2]
		},
		"firstperson_righthand": {
			"rotation": [-2, 15, 0],
			"translation": [1.5, 1.25, 2],
			"scale": [0.15, 0.15, 0.15]
		},
		"firstperson_lefthand": {
			"rotation": [0, -139, 0],
			"translation": [6.5, -0.75, -1.5],
			"scale": [0.15, 0.15, 0.15]
		},
		"ground": {
			"scale": [0.3, 0.3, 0.3]
		},
		"gui": {
			"rotation": [30, 45, 0],
			"translation": [0, -2.25, 0],
			"scale": [0.38, 0.38, 0.38]
		},
		"head": {
			"rotation": [0, -90, 0],
			"translation": [0, 1.5, 0]
		},
		"fixed": {
			"rotation": [0, -90, 0],
			"translation": [0, -2.75, 0.5],
			"scale": [0.45, 0.45, 0.45]
		}
	},
	"groups": [0, 1, 2, 3,
		{
			"name": "BBBBBBB",
			"origin": [8, 8, 8],
			"children": [
				{
					"name": "AAAAAAAA",
					"origin": [8, 8, 8],
					"children": [4]
				}
			]
		},
		{
			"name": "cupboard_7x",
			"origin": [8, 8, 8],
			"children": [5, 6, 7, 8]
		}
	]
}