{
	"ambientocclusion": false,
	"elements": [
		{
			"from": [0, 31, 0],
			"to": [16, 32, 16],
			"faces": {
				"north": {"uv": [0, 15, 16, 16], "texture": "#3"},
				"east": {"uv": [0, 15, 16, 16], "texture": "#3"},
				"south": {"uv": [0, 15, 16, 16], "texture": "#3"},
				"west": {"uv": [0, 15, 16, 16], "texture": "#3"},
				"up": {"uv": [0, 0, 16, 16], "texture": "#1"},
				"down": {"uv": [0, 0, 16, 16], "texture": "#3"}
			}
		},
		{
			"from": [1, 16, 1],
			"to": [15, 31, 15],
			"faces": {
				"north": {"uv": [0, 1, 14, 16], "texture": "#3"},
				"east": {"uv": [0, 1, 14, 16], "texture": "#3"},
				"south": {"uv": [0, 1, 14, 16], "texture": "#3"},
				"west": {"uv": [0, 1, 14, 16], "texture": "#3"}
			}
		},
		{
			"from": [0, 16, 2],
			"to": [1, 30, 14],
			"rotation": {"angle": 0, "axis": "y", "origin": [9, 8, 8]},
			"faces": {
				"north": {"uv": [11, 1, 12, 15], "texture": "#4"},
				"south": {"uv": [7, 0, 8, 14], "texture": "#4"},
				"west": {"uv": [2, 1, 14, 15], "texture": "#4"},
				"up": {"uv": [1, 0, 13, 1], "rotation": 90, "texture": "#5"}
			}
		},
		{
			"from": [-0.1, 14, 12],
			"to": [0, 18, 13],
			"faces": {
				"north": {"uv": [0, 0, 0.01, 4], "rotation": 180, "texture": "#1_2"},
				"south": {"uv": [0, 0, 0.01, 4], "texture": "#1_2"},
				"west": {"uv": [2, 0, 3, 4], "rotation": 180, "texture": "#1_2"},
				"up": {"uv": [0, 0, 0.01, 1], "rotation": 180, "texture": "#1_2"},
				"down": {"uv": [0, 0, 0.01, 1], "texture": "#1_2"}
			}
		},
		{
			"from": [1, 1, 1],
			"to": [15, 16, 15],
			"faces": {
				"north": {"uv": [0, 1, 14, 16], "texture": "#3"},
				"east": {"uv": [0, 1, 14, 16], "texture": "#3"},
				"south": {"uv": [0, 1, 14, 16], "texture": "#3"},
				"west": {"uv": [0, 1, 14, 16], "texture": "#3"}
			}
		},
		{
			"from": [0, 0, 0],
			"to": [16, 1.01, 16],
			"faces": {
				"north": {"uv": [0, 15, 16, 16], "texture": "#3"},
				"east": {"uv": [0, 15, 16, 16], "texture": "#3"},
				"south": {"uv": [0, 15, 16, 16], "texture": "#3"},
				"west": {"uv": [0, 15, 16, 16], "texture": "#3"},
				"up": {"uv": [0, 0, 16, 16], "texture": "#3"},
				"down": {"uv": [0, 0, 16, 16], "texture": "#3"}
			}
		},
		{
			"from": [0, 2, 2],
			"to": [1, 16, 14],
			"rotation": {"angle": 0, "axis": "y", "origin": [9, 8, 8]},
			"faces": {
				"north": {"uv": [9, 0, 10, 14], "texture": "#4"},
				"east": {"uv": [0, 0, 0, 0], "texture": "#4"},
				"south": {"uv": [7, 1, 8, 15], "texture": "#4"},
				"west": {"uv": [2, 1, 14, 15], "texture": "#4"},
				"up": {"uv": [0, 0, 0, 0], "texture": "#4"},
				"down": {"uv": [1, 0, 13, 1], "rotation": 270, "texture": "#4"}
			}
		}
	],
	"display": {
		"thirdperson_righthand": {
			"rotation": [90.25, -7, 0],
			"translation": [0, 2.5, 0],
			"scale": [0.2, 0.2, 0.2]
		},
		"thirdperson_lefthand": {
			"rotation": [89, 180, 0],
			"translation": [0, 2.5, 0],
			"scale": [0.2, 0.2, 0.2]
		},
		"firstperson_righthand": {
			"rotation": [-2, 15, 0],
			"translation": [1.5, 1.25, 2],
			"scale": [0.15, 0.15, 0.15]
		},
		"firstperson_lefthand": {
			"rotation": [0, -139, 0],
			"translation": [6.5, -0.75, -1.5],
			"scale": [0.15, 0.15, 0.15]
		},
		"ground": {
			"scale": [0.3, 0.3, 0.3]
		},
		"gui": {
			"rotation": [30, 45, 0],
			"translation": [0, -2.25, 0],
			"scale": [0.38, 0.38, 0.38]
		},
		"head": {
			"rotation": [0, -90, 0],
			"translation": [0, 1.5, 0]
		},
		"fixed": {
			"rotation": [0, -90, 0],
			"translation": [0, -2.75, 0.5],
			"scale": [0.45, 0.45, 0.45]
		}
	},
	"groups": [0, 1, 2,
		{
			"name": "BBBBBBB",
			"origin": [8, 8, 8],
			"children": [
				{
					"name": "AAAAAAAA",
					"origin": [8, 8, 8],
					"children": [3]
				}
			]
		},
		{
			"name": "cupboardx",
			"origin": [8, 8, 8],
			"children": [4, 5, 6]
		}
	]
}