{
	"ambientocclusion": false,
	"elements": [
		{
			"name": "Box2",
			"from": [0, 31, -8],
			"to": [16, 32, 8],
			"rotation": {"angle": 0, "axis": "y", "origin": [9, 24, 9]},
			"faces": {
				"north": {"uv": [0, 2, 16, 3], "texture": "#texture"},
				"east": {"uv": [0, 2, 16, 3], "texture": "#texture"},
				"west": {"uv": [0, 2, 16, 3], "texture": "#texture"},
				"up": {"uv": [0, 0, 16, 16], "texture": "#3"},
				"down": {"uv": [0, 0, 16, 16], "texture": "#texture"}
			}
		},
		{
			"name": "Box3",
			"from": [0, 31, 8],
			"to": [16, 32, 24],
			"rotation": {"angle": 0, "axis": "y", "origin": [9, 24, 9]},
			"faces": {
				"east": {"uv": [0, 2, 16, 3], "texture": "#texture"},
				"south": {"uv": [0, 2, 16, 3], "texture": "#texture"},
				"west": {"uv": [0, 2, 16, 3], "texture": "#texture"},
				"up": {"uv": [0, 0, 16, 16], "texture": "#3"},
				"down": {"uv": [0, 0, 16, 16], "texture": "#texture"}
			}
		},
		{
			"name": "Box3",
			"from": [1, 16, -7],
			"to": [15, 31, 8],
			"rotation": {"angle": 0, "axis": "y", "origin": [9, 24, 9]},
			"faces": {
				"north": {"uv": [0, 0, 14, 15], "texture": "#texture"},
				"east": {"uv": [0, 0, 15, 15], "texture": "#texture"},
				"west": {"uv": [0, 0, 15, 15], "texture": "#texture"}
			}
		},
		{
			"name": "Box4",
			"from": [1, 16, 8],
			"to": [15, 31, 23],
			"rotation": {"angle": 0, "axis": "y", "origin": [9, 24, 24]},
			"faces": {
				"east": {"uv": [0, 0, 15, 15], "texture": "#texture"},
				"south": {"uv": [0, 0, 14, 15], "texture": "#texture"},
				"west": {"uv": [0, 0, 15, 15], "texture": "#texture"}
			}
		},
		{
			"from": [0, 16, -6],
			"to": [1, 30, 7.5],
			"rotation": {"angle": 0, "axis": "y", "origin": [9, 10, -7]},
			"faces": {
				"north": {"uv": [0, 0, 1, 14], "texture": "#1"},
				"south": {"uv": [1, 1, 2, 15], "texture": "#2"},
				"west": {"uv": [14.5, 15, 1, 1], "texture": "#1"},
				"up": {"uv": [0, 0, 14, 1], "rotation": 270, "texture": "#1"}
			}
		},
		{
			"from": [0, 16, 8.5],
			"to": [1, 30, 22],
			"rotation": {"angle": 0, "axis": "y", "origin": [9, 10, -7]},
			"faces": {
				"north": {"uv": [6, 2, 7, 16], "texture": "#2"},
				"south": {"uv": [0, 0, 1, 14], "texture": "#1"},
				"west": {"uv": [1, 1, 14.5, 15], "texture": "#1"},
				"up": {"uv": [0, 0, 14, 1], "rotation": 270, "texture": "#1"}
			}
		},
		{
			"from": [-0.1, 14, 9.5],
			"to": [0, 18, 10.5],
			"faces": {
				"north": {"uv": [0, 0, 0.01, 4], "rotation": 180, "texture": "#1_2"},
				"south": {"uv": [0, 0, 0.01, 4], "texture": "#1_2"},
				"west": {"uv": [2, 0, 3, 4], "rotation": 180, "texture": "#1_2"},
				"up": {"uv": [0, 0, 0.01, 1], "rotation": 180, "texture": "#1_2"},
				"down": {"uv": [0, 0, 0.01, 1], "texture": "#1_2"}
			}
		},
		{
			"from": [-0.1, 14, 5.5],
			"to": [0, 18, 6.5],
			"faces": {
				"north": {"uv": [0, 0, 0.01, 4], "rotation": 180, "texture": "#1_2"},
				"south": {"uv": [0, 0, 0.01, 4], "texture": "#1_2"},
				"west": {"uv": [2, 0, 3, 4], "rotation": 180, "texture": "#1_2"},
				"up": {"uv": [0, 0, 0.01, 1], "rotation": 180, "texture": "#1_2"},
				"down": {"uv": [0, 0, 0.01, 1], "texture": "#1_2"}
			}
		},
		{
			"name": "Box3",
			"from": [0, 0, -8],
			"to": [16, 1.01, 8],
			"rotation": {"angle": 0, "axis": "y", "origin": [9, -5, 9]},
			"faces": {
				"north": {"uv": [0, 2, 16, 3], "texture": "#texture"},
				"east": {"uv": [0, 2, 16, 3], "texture": "#texture"},
				"west": {"uv": [0, 2, 16, 3], "texture": "#texture"},
				"up": {"uv": [0, 0, 16, 16], "texture": "#3"},
				"down": {"uv": [0, 0, 16, 16], "texture": "#3"}
			}
		},
		{
			"name": "Box4",
			"from": [0, 0, 8],
			"to": [16, 1.01, 24],
			"rotation": {"angle": 0, "axis": "y", "origin": [9, -5, 9]},
			"faces": {
				"east": {"uv": [0, 2, 16, 3], "texture": "#texture"},
				"south": {"uv": [0, 2, 16, 3], "texture": "#texture"},
				"west": {"uv": [0, 2, 16, 3], "texture": "#texture"},
				"up": {"uv": [0, 0, 16, 16], "texture": "#3"},
				"down": {"uv": [0, 0, 16, 16], "texture": "#3"}
			}
		},
		{
			"name": "Box4",
			"from": [1, 1, -7],
			"to": [15, 16, 8],
			"rotation": {"angle": 0, "axis": "y", "origin": [9, 24, 9]},
			"faces": {
				"north": {"uv": [0, 0, 14, 14], "texture": "#texture"},
				"east": {"uv": [0, 0, 15, 14], "texture": "#texture"},
				"west": {"uv": [0, 0, 15, 14], "texture": "#texture"}
			}
		},
		{
			"name": "Box5",
			"from": [1, 1, 8],
			"to": [15, 16, 23],
			"rotation": {"angle": 0, "axis": "y", "origin": [9, 24, 24]},
			"faces": {
				"east": {"uv": [0, 0, 15, 14], "texture": "#texture"},
				"south": {"uv": [0, 0, 14, 14], "texture": "#texture"},
				"west": {"uv": [0, 0, 15, 14], "texture": "#texture"}
			}
		},
		{
			"from": [0, 2, -6],
			"to": [1, 16, 7.5],
			"rotation": {"angle": 0, "axis": "y", "origin": [9, 10, -7]},
			"faces": {
				"north": {"uv": [0, 0, 1, 14], "texture": "#1"},
				"south": {"uv": [1, 1, 2, 15], "texture": "#2"},
				"west": {"uv": [14.5, 15, 1, 1], "texture": "#1"},
				"up": {"uv": [0, 0, 14, 1], "rotation": 270, "texture": "#1"},
				"down": {"uv": [6, 2, 7, 15.5], "texture": "#1"}
			}
		},
		{
			"from": [0, 2, 8.5],
			"to": [1, 16, 22],
			"rotation": {"angle": 0, "axis": "y", "origin": [9, 10, -7]},
			"faces": {
				"north": {"uv": [6, 2, 7, 16], "texture": "#2"},
				"south": {"uv": [0, 0, 1, 14], "texture": "#1"},
				"west": {"uv": [1, 1, 14.5, 15], "texture": "#1"},
				"up": {"uv": [0, 0, 14, 1], "rotation": 270, "texture": "#1"},
				"down": {"uv": [6, 2, 7, 15.5], "texture": "#1"}
			}
		}
	],
	"display": {
		"thirdperson_righthand": {
			"rotation": [90.25, -7, 0],
			"translation": [0, 2.5, 0],
			"scale": [0.2, 0.2, 0.2]
		},
		"thirdperson_lefthand": {
			"rotation": [89, 180, 0],
			"translation": [0, 2.5, 0],
			"scale": [0.2, 0.2, 0.2]
		},
		"firstperson_righthand": {
			"rotation": [1, 37, 0],
			"translation": [0.25, 1, 2],
			"scale": [0.15, 0.15, 0.15]
		},
		"firstperson_lefthand": {
			"rotation": [0, -139, 0],
			"translation": [4.25, -0.75, -1.5],
			"scale": [0.15, 0.15, 0.15]
		},
		"ground": {
			"scale": [0.3, 0.3, 0.3]
		},
		"gui": {
			"rotation": [30, 45, 0],
			"translation": [0, -1.75, 0],
			"scale": [0.33, 0.33, 0.33]
		},
		"head": {
			"rotation": [0, -90, 0],
			"translation": [0, 1.5, 0]
		},
		"fixed": {
			"rotation": [0, -90, 0],
			"translation": [0, -3, 0.5],
			"scale": [0.45, 0.45, 0.45]
		}
	},
	"groups": [0, 1, 2, 3, 4, 5,
		{
			"name": "furniture_1x",
			"origin": [8, 8, 8],
			"children": []
		},
		{
			"name": "BBBBBBB",
			"origin": [8, 8, 8],
			"children": [
				{
					"name": "AAAAAAAA",
					"origin": [8, 8, 8],
					"children": [6]
				}
			]
		},
		{
			"name": "BBBBBBB",
			"origin": [8, 8, 8],
			"children": [
				{
					"name": "AAAAAAAA",
					"origin": [8, 8, 8],
					"children": [7]
				}
			]
		},
		{
			"name": "furniture_1x",
			"origin": [8, 8, 8],
			"children": [8, 9, 10, 11,
				{
					"name": "furniture_1",
					"origin": [8, 8, 8],
					"children": [12, 13,
						{
							"name": "furniture_1x",
							"origin": [8, 8, 8],
							"children": []
						},
						{
							"name": "BBBBBBB",
							"origin": [8, 8, 8],
							"children": [
								{
									"name": "AAAAAAAA",
									"origin": [8, 8, 8],
									"children": []
								}
							]
						},
						{
							"name": "BBBBBBB",
							"origin": [8, 8, 8],
							"children": [
								{
									"name": "AAAAAAAA",
									"origin": [8, 8, 8],
									"children": []
								}
							]
						}
					]
				}
			]
		}
	]
}