{
	"ambientocclusion": false,
	"elements": [
		{
			"name": "Box2",
			"from": [0, 31, -8],
			"to": [16, 32, 8],
			"rotation": {"angle": 0, "axis": "y", "origin": [9, 24, 9]},
			"faces": {
				"north": {"uv": [0, 2, 16, 3], "texture": "#3"},
				"east": {"uv": [0, 2, 16, 3], "texture": "#3"},
				"south": {"uv": [0, 0, 0, 0], "texture": "#3"},
				"west": {"uv": [0, 2, 16, 3], "texture": "#3"},
				"up": {"uv": [0, 0, 16, 16], "texture": "#3"},
				"down": {"uv": [0, 0, 16, 16], "texture": "#3"}
			}
		},
		{
			"name": "Box3",
			"from": [0, 31, 8],
			"to": [16, 32, 24],
			"rotation": {"angle": 0, "axis": "y", "origin": [9, 24, 9]},
			"faces": {
				"north": {"uv": [0, 0, 0, 0], "texture": "#3"},
				"east": {"uv": [0, 2, 16, 3], "texture": "#3"},
				"south": {"uv": [0, 2, 16, 3], "texture": "#3"},
				"west": {"uv": [0, 2, 16, 3], "texture": "#3"},
				"up": {"uv": [0, 0, 16, 16], "texture": "#3"},
				"down": {"uv": [0, 0, 16, 16], "texture": "#3"}
			}
		},
		{
			"name": "Box3",
			"from": [1, 16, -7],
			"to": [15, 31, 8],
			"rotation": {"angle": 0, "axis": "y", "origin": [9, 24, 9]},
			"faces": {
				"north": {"uv": [0, 0, 14, 15], "texture": "#3"},
				"east": {"uv": [0, 0, 15, 15], "texture": "#3"},
				"south": {"uv": [0, 0, 0, 0], "texture": "#3"},
				"west": {"uv": [1, 1, 16, 16], "texture": "#3"},
				"up": {"uv": [0, 0, 0, 0], "texture": "#3"},
				"down": {"uv": [0, 0, 0, 0], "texture": "#3"}
			}
		},
		{
			"name": "Box4",
			"from": [1, 16, 8],
			"to": [15, 31, 23],
			"rotation": {"angle": 0, "axis": "y", "origin": [9, 24, 24]},
			"faces": {
				"north": {"uv": [0, 0, 0, 0], "texture": "#3"},
				"east": {"uv": [0, 0, 15, 15], "texture": "#3"},
				"south": {"uv": [0, 0, 14, 15], "texture": "#3"},
				"west": {"uv": [0, 0, 15, 15], "texture": "#3"},
				"up": {"uv": [0, 0, 0, 0], "texture": "#3"},
				"down": {"uv": [0, 0, 0, 0], "texture": "#3"}
			}
		},
		{
			"from": [0, 16, -6],
			"to": [1, 30, 7.5],
			"rotation": {"angle": 0, "axis": "y", "origin": [9, 10, -7]},
			"faces": {
				"north": {"uv": [0, 0, 1, 14], "texture": "#1"},
				"south": {"uv": [4, 1, 5, 15], "texture": "#1"},
				"west": {"uv": [1, 16, 14.5, 2], "texture": "#1"},
				"up": {"uv": [0, 0, 14, 1], "rotation": 270, "texture": "#1"}
			}
		},
		{
			"from": [0, 16, 8.5],
			"to": [1, 30, 22],
			"rotation": {"angle": 0, "axis": "y", "origin": [9, 10, -7]},
			"faces": {
				"north": {"uv": [3, 1, 4, 15], "texture": "#1"},
				"south": {"uv": [0, 0, 1, 14], "texture": "#1"},
				"west": {"uv": [1, 1, 14.5, 15], "texture": "#1"},
				"up": {"uv": [0, 0, 14, 1], "rotation": 270, "texture": "#1"}
			}
		},
		{
			"name": "Box3",
			"from": [0, 0, -8],
			"to": [16, 1.01, 8],
			"rotation": {"angle": 0, "axis": "y", "origin": [9, -5, 9]},
			"faces": {
				"north": {"uv": [0, 2, 16, 3.01], "texture": "#3"},
				"east": {"uv": [0, 2, 16, 3.01], "texture": "#3"},
				"south": {"uv": [0, 0, 0, 0], "texture": "#3"},
				"west": {"uv": [0, 2, 16, 3.01], "texture": "#3"},
				"up": {"uv": [0, 0, 16, 16], "texture": "#3"},
				"down": {"uv": [0, 0, 16, 16], "texture": "#3"}
			}
		},
		{
			"name": "Box4",
			"from": [0, 0, 8],
			"to": [16, 1.01, 24],
			"rotation": {"angle": 0, "axis": "y", "origin": [9, -5, 9]},
			"faces": {
				"north": {"uv": [0, 0, 0, 0], "texture": "#3"},
				"east": {"uv": [0, 2, 16, 3.01], "texture": "#3"},
				"south": {"uv": [0, 2, 16, 3.01], "texture": "#3"},
				"west": {"uv": [0, 2, 16, 3.01], "texture": "#3"},
				"up": {"uv": [0, 0, 16, 16], "texture": "#3"},
				"down": {"uv": [0, 0, 16, 16], "texture": "#3"}
			}
		},
		{
			"name": "Box4",
			"from": [1, 1, -7],
			"to": [15, 16, 8],
			"rotation": {"angle": 0, "axis": "y", "origin": [9, 24, 9]},
			"faces": {
				"north": {"uv": [0, 0, 14, 15], "texture": "#3"},
				"east": {"uv": [0, 0, 15, 15], "texture": "#3"},
				"south": {"uv": [0, 0, 0, 0], "texture": "#3"},
				"west": {"uv": [0, 0, 15, 15], "texture": "#3"},
				"up": {"uv": [0, 0, 0, 0], "texture": "#3"},
				"down": {"uv": [0, 0, 0, 0], "texture": "#3"}
			}
		},
		{
			"name": "Box5",
			"from": [1, 1, 8],
			"to": [15, 16, 23],
			"rotation": {"angle": 0, "axis": "y", "origin": [9, 24, 24]},
			"faces": {
				"north": {"uv": [0, 0, 0, 0], "texture": "#3"},
				"east": {"uv": [0, 0, 15, 15], "texture": "#3"},
				"south": {"uv": [0, 0, 14, 15], "texture": "#3"},
				"west": {"uv": [1, 1, 16, 16], "texture": "#3"},
				"up": {"uv": [0, 0, 0, 0], "texture": "#3"},
				"down": {"uv": [0, 0, 0, 0], "texture": "#3"}
			}
		},
		{
			"from": [0, 2, -6],
			"to": [1, 12, 7.5],
			"rotation": {"angle": 0, "axis": "y", "origin": [9, 10, -7]},
			"faces": {
				"north": {"uv": [0, 0, 1, 10], "texture": "#1"},
				"south": {"uv": [9, 3, 10, 13], "texture": "#1"},
				"west": {"uv": [1, 15, 14.5, 5], "texture": "#1"},
				"down": {"uv": [0, 0, 14, 1], "rotation": 90, "texture": "#1"}
			}
		},
		{
			"from": [0, 2, 8.5],
			"to": [1, 12, 22],
			"rotation": {"angle": 0, "axis": "y", "origin": [9, 10, 24]},
			"faces": {
				"north": {"uv": [14, 3, 15, 13], "texture": "#1"},
				"south": {"uv": [0, 0, 1, 10], "texture": "#1"},
				"west": {"uv": [1, 0, 14.5, 10], "texture": "#1"},
				"down": {"uv": [0, 0, 14, 1], "rotation": 90, "texture": "#1"}
			}
		},
		{
			"from": [0, 12, -6],
			"to": [1, 16, 7.5],
			"rotation": {"angle": 0, "axis": "y", "origin": [9, 10, 9]},
			"faces": {
				"north": {"uv": [12, 3, 13, 7], "texture": "#3"},
				"south": {"uv": [7, 1, 8, 5], "texture": "#3"},
				"west": {"uv": [2, 12, 16, 16], "texture": "#3"}
			}
		},
		{
			"from": [0, 12, 8.5],
			"to": [1, 16, 22],
			"rotation": {"angle": 0, "axis": "y", "origin": [9, 10, 8]},
			"faces": {
				"north": {"uv": [0, 0, 1, 4], "texture": "#3"},
				"south": {"uv": [6, 4, 7, 8], "texture": "#3"},
				"west": {"uv": [0, 6, 14, 10], "texture": "#3"}
			}
		},
		{
			"from": [-0.1, 14, 2],
			"to": [0, 15, 6],
			"faces": {
				"north": {"uv": [0, 0, 0.01, 1], "texture": "#texture"},
				"south": {"uv": [0, 0, 0.01, 1], "texture": "#texture"},
				"west": {"uv": [2, 0, 3, 4], "rotation": 90, "texture": "#texture"},
				"up": {"uv": [0, 0, 0.01, 4], "texture": "#texture"},
				"down": {"uv": [0, 0, 0.01, 4], "texture": "#texture"}
			}
		},
		{
			"from": [-0.1, 14, 10],
			"to": [0, 15, 14],
			"faces": {
				"north": {"uv": [0, 0, 0.01, 1], "texture": "#texture"},
				"south": {"uv": [0, 0, 0.01, 1], "texture": "#texture"},
				"west": {"uv": [2, 0, 3, 4], "rotation": 90, "texture": "#texture"},
				"up": {"uv": [0, 0, 0.01, 4], "texture": "#texture"},
				"down": {"uv": [0, 0, 0.01, 4], "texture": "#texture"}
			}
		}
	],
	"display": {
		"thirdperson_righthand": {
			"rotation": [90.25, -7, 0],
			"translation": [0, 2.5, 0],
			"scale": [0.2, 0.2, 0.2]
		},
		"thirdperson_lefthand": {
			"rotation": [89, 180, 0],
			"translation": [0, 2.5, 0],
			"scale": [0.2, 0.2, 0.2]
		},
		"firstperson_righthand": {
			"rotation": [1, 37, 0],
			"translation": [0.25, 1, 2],
			"scale": [0.15, 0.15, 0.15]
		},
		"firstperson_lefthand": {
			"rotation": [0, -139, 0],
			"translation": [4.25, -0.75, -1.5],
			"scale": [0.15, 0.15, 0.15]
		},
		"ground": {
			"scale": [0.3, 0.3, 0.3]
		},
		"gui": {
			"rotation": [30, 45, 0],
			"translation": [0, -1.75, 0],
			"scale": [0.33, 0.33, 0.33]
		},
		"head": {
			"rotation": [0, -90, 0],
			"translation": [0, 1.5, 0]
		},
		"fixed": {
			"rotation": [0, -90, 0],
			"translation": [0, -3, 0.5],
			"scale": [0.45, 0.45, 0.45]
		}
	},
	"groups": [0, 1, 2, 3, 4, 5,
		{
			"name": "furniture_2x",
			"origin": [8, 8, 8],
			"children": [6, 7, 8, 9, 10, 11, 12, 13,
				{
					"name": "BBBBBBB",
					"origin": [8, 8, 8],
					"children": [
						{
							"name": "AAAAAAAA",
							"origin": [8, 8, 8],
							"children": [14, 15]
						}
					]
				}
			]
		}
	]
}