{
	"credit": "Made with Blockbench",
	"ambientocclusion": false,
	"texture_size": [32, 16],
	"textures": {
		"2": "farmersdelight:block/rice_upper_crop_all",
		"particle": "farmersdelight:block/rice_upper_crop_all"
	},
	"elements": [
		{
			"from": [1.78452, 0, 11.05575],
			"to": [10.78452, 16, 11.05575],
			"rotation": {"angle": -45, "axis": "y", "origin": [8.08088, 8, 8.58088]},
			"shade": false,
			"faces": {
				"north": {"uv": [10, 0, 15, 16], "texture": "#2"},
				"east": {"uv": [0, 0, 0, 16], "texture": "#2"},
				"south": {"uv": [10, 0, 15, 16], "texture": "#2"},
				"west": {"uv": [0, 0, 0, 16], "texture": "#2"},
				"up": {"uv": [0, 0, 2.66667, 0], "texture": "#2"},
				"down": {"uv": [0, 0, 2.66667, 0], "texture": "#2"}
			}
		},
		{
			"from": [0.60601, 0, 7.28452],
			"to": [9.60601, 16, 7.28452],
			"rotation": {"angle": 45, "axis": "y", "origin": [8.08088, 8, 8.58088]},
			"shade": false,
			"faces": {
				"north": {"uv": [10, 0, 15, 16], "texture": "#2"},
				"east": {"uv": [0, 0, 0, 16], "texture": "#2"},
				"south": {"uv": [10, 0, 15, 16], "texture": "#2"},
				"west": {"uv": [0, 0, 0, 16], "texture": "#2"},
				"up": {"uv": [0, 0, 2.66667, 0], "texture": "#2"},
				"down": {"uv": [0, 0, 2.66667, 0], "texture": "#2"}
			}
		},
		{
			"from": [3.19873, 0, 8.22733],
			"to": [12.19873, 16, 8.22733],
			"rotation": {"angle": -45, "axis": "y", "origin": [8.08088, 8, 8.58088]},
			"shade": false,
			"faces": {
				"north": {"uv": [10, 0, 15, 16], "texture": "#2"},
				"east": {"uv": [0, 0, 0, 16], "texture": "#2"},
				"south": {"uv": [10, 0, 15, 16], "texture": "#2"},
				"west": {"uv": [0, 0, 0, 16], "texture": "#2"},
				"up": {"uv": [0, 0, 2.66667, 0], "texture": "#2"},
				"down": {"uv": [0, 0, 2.66667, 0], "texture": "#2"}
			}
		},
		{
			"from": [3.43443, 0, 8.69873],
			"to": [12.43443, 16, 8.69873],
			"rotation": {"angle": 45, "axis": "y", "origin": [8.08088, 8, 8.58088]},
			"shade": false,
			"faces": {
				"north": {"uv": [10, 0, 15, 16], "texture": "#2"},
				"east": {"uv": [0, 0, 0, 16], "texture": "#2"},
				"south": {"uv": [10, 0, 15, 16], "texture": "#2"},
				"west": {"uv": [0, 0, 0, 16], "texture": "#2"},
				"up": {"uv": [0, 0, 2.66667, 0], "texture": "#2"},
				"down": {"uv": [0, 0, 2.66667, 0], "texture": "#2"}
			}
		},
		{
			"from": [5.32005, 0, 10.34865],
			"to": [14.32005, 16, 10.34865],
			"rotation": {"angle": -45, "axis": "y", "origin": [8.08088, 8, 8.58088]},
			"shade": false,
			"faces": {
				"north": {"uv": [10, 0, 15, 16], "texture": "#2"},
				"east": {"uv": [0, 0, 0, 16], "texture": "#2"},
				"south": {"uv": [10, 0, 15, 16], "texture": "#2"},
				"west": {"uv": [0, 0, 0, 16], "texture": "#2"},
				"up": {"uv": [0, 0, 2.66667, 0], "texture": "#2"},
				"down": {"uv": [0, 0, 2.66667, 0], "texture": "#2"}
			}
		},
		{
			"from": [1.31311, 0, 10.82005],
			"to": [10.31311, 16, 10.82005],
			"rotation": {"angle": 45, "axis": "y", "origin": [8.08088, 8, 8.58088]},
			"shade": false,
			"faces": {
				"north": {"uv": [10, 0, 15, 16], "texture": "#2"},
				"east": {"uv": [0, 0, 0, 16], "texture": "#2"},
				"south": {"uv": [10, 0, 15, 16], "texture": "#2"},
				"west": {"uv": [0, 0, 0, 16], "texture": "#2"},
				"up": {"uv": [0, 0, 2.66667, 0], "texture": "#2"},
				"down": {"uv": [0, 0, 2.66667, 0], "texture": "#2"}
			}
		},
		{
			"from": [6.73427, 0, 7.52022],
			"to": [15.73427, 16, 7.52022],
			"rotation": {"angle": -45, "axis": "y", "origin": [8.08088, 8, 8.58088]},
			"shade": false,
			"faces": {
				"north": {"uv": [10, 0, 15, 16], "texture": "#2"},
				"east": {"uv": [0, 0, 0, 16], "texture": "#2"},
				"south": {"uv": [10, 0, 15, 16], "texture": "#2"},
				"west": {"uv": [0, 0, 0, 16], "texture": "#2"},
				"up": {"uv": [0, 0, 2.66667, 0], "texture": "#2"},
				"down": {"uv": [0, 0, 2.66667, 0], "texture": "#2"}
			}
		},
		{
			"from": [4.14154, 0, 12.23427],
			"to": [13.14154, 16, 12.23427],
			"rotation": {"angle": 45, "axis": "y", "origin": [8.08088, 8, 8.58088]},
			"shade": false,
			"faces": {
				"north": {"uv": [10, 0, 15, 16], "texture": "#2"},
				"east": {"uv": [0, 0, 0, 16], "texture": "#2"},
				"south": {"uv": [10, 0, 15, 16], "texture": "#2"},
				"west": {"uv": [0, 0, 0, 16], "texture": "#2"},
				"up": {"uv": [0, 0, 2.66667, 0], "texture": "#2"},
				"down": {"uv": [0, 0, 2.66667, 0], "texture": "#2"}
			}
		},
		{
			"from": [-0.3368, 0, 8.93443],
			"to": [8.6632, 16, 8.93443],
			"rotation": {"angle": -45, "axis": "y", "origin": [8.08088, 8, 8.58088]},
			"shade": false,
			"faces": {
				"north": {"uv": [10, 0, 15, 16], "texture": "#2"},
				"east": {"uv": [0, 0, 0, 16], "texture": "#2"},
				"south": {"uv": [10, 0, 15, 16], "texture": "#2"},
				"west": {"uv": [0, 0, 0, 16], "texture": "#2"},
				"up": {"uv": [0, 0, 2.66667, 0], "texture": "#2"},
				"down": {"uv": [0, 0, 2.66667, 0], "texture": "#2"}
			}
		},
		{
			"from": [2.72733, 0, 5.1632],
			"to": [11.72733, 16, 5.1632],
			"rotation": {"angle": 45, "axis": "y", "origin": [8.08088, 8, 8.58088]},
			"shade": false,
			"faces": {
				"north": {"uv": [10, 0, 15, 16], "texture": "#2"},
				"east": {"uv": [0, 0, 0, 16], "texture": "#2"},
				"south": {"uv": [10, 0, 15, 16], "texture": "#2"},
				"west": {"uv": [0, 0, 0, 16], "texture": "#2"},
				"up": {"uv": [0, 0, 2.66667, 0], "texture": "#2"},
				"down": {"uv": [0, 0, 2.66667, 0], "texture": "#2"}
			}
		},
		{
			"from": [1.78452, 0, 5.3989],
			"to": [10.78452, 16, 5.3989],
			"rotation": {"angle": -45, "axis": "y", "origin": [8.08088, 8, 8.58088]},
			"shade": false,
			"faces": {
				"north": {"uv": [10, 0, 15, 16], "texture": "#2"},
				"east": {"uv": [0, 0, 0, 16], "texture": "#2"},
				"south": {"uv": [10, 0, 15, 16], "texture": "#2"},
				"west": {"uv": [0, 0, 0, 16], "texture": "#2"},
				"up": {"uv": [0, 0, 2.66667, 0], "texture": "#2"},
				"down": {"uv": [0, 0, 2.66667, 0], "texture": "#2"}
			}
		},
		{
			"from": [6.26286, 0, 7.03452],
			"to": [15.26286, 16, 7.03452],
			"rotation": {"angle": 45, "axis": "y", "origin": [8.08088, 8, 8.58088]},
			"shade": false,
			"faces": {
				"north": {"uv": [10, 0, 15, 16], "texture": "#2"},
				"east": {"uv": [0, 0, 0, 16], "texture": "#2"},
				"south": {"uv": [10, 0, 15, 16], "texture": "#2"},
				"west": {"uv": [0, 0, 0, 16], "texture": "#2"},
				"up": {"uv": [0, 0, 2.66667, 0], "texture": "#2"},
				"down": {"uv": [0, 0, 2.66667, 0], "texture": "#2"}
			}
		},
		{
			"from": [7.16421, 0, 7.41421],
			"to": [16.16421, 16, 7.41421],
			"rotation": {"angle": -45, "axis": "y", "origin": [12.16421, 8, 7.41421]},
			"shade": false,
			"faces": {
				"north": {"uv": [10, 0, 15, 16], "texture": "#2"},
				"east": {"uv": [0, 0, 0, 16], "texture": "#2"},
				"south": {"uv": [10, 0, 15, 16], "texture": "#2"},
				"west": {"uv": [0, 0, 0, 16], "texture": "#2"},
				"up": {"uv": [0, 0, 2.66667, 0], "texture": "#2"},
				"down": {"uv": [0, 0, 2.66667, 0], "texture": "#2"}
			}
		},
		{
			"from": [7.16421, 0, 7.41421],
			"to": [16.16421, 16, 7.41421],
			"rotation": {"angle": 45, "axis": "y", "origin": [12.16421, 8, 7.41421]},
			"shade": false,
			"faces": {
				"north": {"uv": [10, 0, 15, 16], "texture": "#2"},
				"east": {"uv": [0, 0, 0, 16], "texture": "#2"},
				"south": {"uv": [10, 0, 15, 16], "texture": "#2"},
				"west": {"uv": [0, 0, 0, 16], "texture": "#2"},
				"up": {"uv": [0, 0, 2.66667, 0], "texture": "#2"},
				"down": {"uv": [0, 0, 2.66667, 0], "texture": "#2"}
			}
		}
	],
	"groups": [
		{
			"name": "group",
			"origin": [0, 0, 0],
			"color": 0,
			"children": [0, 1]
		},
		{
			"name": "group",
			"origin": [0, 0, 0],
			"color": 0,
			"children": [2, 3]
		},
		{
			"name": "group",
			"origin": [0, 0, 0],
			"color": 0,
			"children": [4, 5]
		},
		{
			"name": "group",
			"origin": [0, 0, 0],
			"color": 0,
			"children": [6, 7]
		},
		{
			"name": "group",
			"origin": [0, 0, 0],
			"color": 0,
			"children": [8, 9]
		},
		{
			"name": "group",
			"origin": [0, 0, 0],
			"color": 0,
			"children": [10, 11]
		},
		{
			"name": "group",
			"origin": [0, 0, 0],
			"color": 0,
			"children": [12, 13]
		}
	]
}