{
  "processors": [
    {
      "rules": [
        {
          "output_state": {
            "Properties": {
              "age": "0"
            },
            "Name": "minecraft:pumpkin_stem"
          },
          "input_predicate": {
            "block": "minecraft:wheat",
            "probability": 0.5,
            "predicate_type": "minecraft:random_block_match"
          },
          "location_predicate": {
            "predicate_type": "minecraft:always_true"
          }
        },
        {
          "output_state": {
            "Name": "minecraft:brown_mushroom"
          },
          "input_predicate": {
            "block": "minecraft:wheat",
            "probability": 0.1,
            "predicate_type": "minecraft:random_block_match"
          },
          "location_predicate": {
            "predicate_type": "minecraft:always_true"
          }
        },
        {
          "output_state": {
            "Name": "minecraft:red_mushroom"
          },
          "input_predicate": {
            "block": "minecraft:wheat",
            "probability": 0.1,
            "predicate_type": "minecraft:random_block_match"
          },
          "location_predicate": {
            "predicate_type": "minecraft:always_true"
          }
        },
        {
          "output_state": {
            "Properties": {
              "age": "0"
            },
            "Name": "minecraft:carrots"
          },
          "input_predicate": {
            "block": "minecraft:wheat",
            "probability": 0.8,
            "predicate_type": "minecraft:random_block_match"
          },
          "location_predicate": {
            "predicate_type": "minecraft:always_true"
          }
        },
        {
          "output_state": {
            "Properties": {
              "age": "0"
            },
            "Name": "minecraft:beetroots"
          },
          "input_predicate": {
            "block": "minecraft:wheat",
            "probability": 1.0,
            "predicate_type": "minecraft:random_block_match"
          },
          "location_predicate": {
            "predicate_type": "minecraft:always_true"
          }
        }
      ],
      "processor_type": "minecraft:rule"
    }
  ]
}
