{
	"credit": "Made with Blockbench",
	"ambientocclusion": false,
	"textures": {
		"0": "block/bone_fence",
		"particle": "block/bone_fence"
	},
	"elements": [
		{
			"from": [5, 0, 5],
			"to": [11, 16, 11],
			"faces": {
				"north": {"uv": [9, 0, 15, 16], "texture": "#0"},
				"east": {"uv": [9, 0, 15, 16], "texture": "#0"},
				"south": {"uv": [9, 0, 15, 16], "texture": "#0"},
				"west": {"uv": [9, 0, 15, 16], "texture": "#0"},
				"up": {"uv": [9, 0, 15, 6], "texture": "#0"},
				"down": {"uv": [9, 0, 15, 6], "texture": "#0"}
			}
		},
		{
			"from": [4, 16, 4],
			"to": [12, 18, 12],
			"rotation": {"angle": 0, "axis": "y", "origin": [8, 24, 8]},
			"faces": {
				"north": {"uv": [0, 7, 8, 9], "texture": "#0"},
				"east": {"uv": [0, 7, 8, 9], "texture": "#0"},
				"south": {"uv": [0, 7, 8, 9], "texture": "#0"},
				"west": {"uv": [0, 7, 8, 9], "texture": "#0"},
				"up": {"uv": [0, 0, 8, 8], "texture": "#0"},
				"down": {"uv": [0, 8, 8, 16], "texture": "#0"}
			}
		}
	],
	"display": {
		"thirdperson_righthand": {
			"rotation": [75, 45, 0],
			"translation": [0, 1.5, 1.25],
			"scale": [0.375, 0.375, 0.375]
		},
		"thirdperson_lefthand": {
			"rotation": [75, 45, 0],
			"translation": [0, 1.5, 1.25],
			"scale": [0.375, 0.375, 0.375]
		},
		"firstperson_righthand": {
			"rotation": [0, 45, 0],
			"translation": [1.75, 1.75, 0],
			"scale": [0.54, 0.53, 0.53]
		},
		"firstperson_lefthand": {
			"rotation": [0, 45, 0],
			"translation": [1.75, 1.75, 0],
			"scale": [0.54, 0.53, 0.53]
		},
		"ground": {
			"translation": [0, 3, 0],
			"scale": [0.4, 0.4, 0.4]
		},
		"gui": {
			"rotation": [30, 225, 0],
			"translation": [0, 0.75, 0],
			"scale": [0.92, 0.92, 0.92]
		},
		"head": {
			"translation": [0, 14.25, 0]
		},
		"fixed": {
			"rotation": [-90, 0, 0],
			"translation": [0, 0, -15],
			"scale": [2, 2, 2]
		}
	}
}