{
	"credit": "Made with Blockbench",
	"ambientocclusion": false,
	"texture_size": [32, 32],
	"textures": {
		"0": "block/soul_sac",
		"particle": "block/soul_sac"
	},
	"elements": [
		{
			"from": [2, 0, 2],
			"to": [14, 12, 14],
			"faces": {
				"north": {"uv": [0, 0, 6, 6], "texture": "#0"},
				"east": {"uv": [0, 0, 6, 6], "texture": "#0"},
				"south": {"uv": [0, 0, 6, 6], "texture": "#0"},
				"west": {"uv": [0, 0, 6, 6], "texture": "#0"},
				"up": {"uv": [0, 6, 6, 12], "texture": "#0"}
			}
		},
		{
			"name": "cube_outline",
			"from": [14.5, 12.5, 14.5],
			"to": [1.5, -0.5, 1.5],
			"faces": {
				"north": {"uv": [6, 6, 12, 12], "rotation": 180, "texture": "#0"},
				"east": {"uv": [6, 6, 12, 12], "rotation": 180, "texture": "#0"},
				"south": {"uv": [6, 6, 12, 12], "rotation": 180, "texture": "#0"},
				"west": {"uv": [6, 6, 12, 12], "rotation": 180, "texture": "#0"},
				"up": {"uv": [6, 6, 12, 12], "rotation": 180, "texture": "#0"},
				"down": {"uv": [6, 6, 12, 12], "rotation": 180, "texture": "#0"}
			}
		}
	],
	"display": {
		"thirdperson_righthand": {
			"rotation": [75, 45, 0],
			"translation": [0, 2.5, 0],
			"scale": [0.375, 0.375, 0.375]
		},
		"thirdperson_lefthand": {
			"rotation": [75, 45, 0],
			"translation": [0, 2.5, 0],
			"scale": [0.375, 0.375, 0.375]
		},
		"firstperson_righthand": {
			"rotation": [0, 45, 0],
			"scale": [0.4, 0.4, 0.4]
		},
		"firstperson_lefthand": {
			"rotation": [0, 225, 0],
			"scale": [0.4, 0.4, 0.4]
		},
		"ground": {
			"translation": [0, 3, 0],
			"scale": [0.42, 0.42, 0.42]
		},
		"gui": {
			"rotation": [30, 225, 0],
			"translation": [0, 1.5, 0],
			"scale": [0.8, 0.8, 0.8]
		},
		"head": {
			"translation": [0, 14.25, 0]
		},
		"fixed": {
			"rotation": [-90, 0, 0],
			"translation": [0, 0, -14],
			"scale": [2, 2, 2]
		}
	}
}