{
	"credit": "Made with Blockbench",
	"ambientocclusion": false,
	"texture_size": [64, 64],
	"textures": {
		"1": "block/netherrack_fungus",
		"particle": "block/netherrack_fungus"
	},
	"elements": [
		{
			"from": [-2, 12, -10],
			"to": [17, 12, 0],
			"rotation": {"angle": -22.5, "axis": "x", "origin": [7.5, 12, 0]},
			"faces": {
				"north": {"uv": [0, 0, 4.75, 0], "texture": "#missing"},
				"east": {"uv": [0, 0, 2.25, 0], "texture": "#missing"},
				"south": {"uv": [0, 0, 4.75, 0], "texture": "#missing"},
				"west": {"uv": [0, 0, 2.25, 0], "texture": "#missing"},
				"up": {"uv": [9.75, 0, 15.5, 3], "texture": "#1"},
				"down": {"uv": [15.5, 0, 9.75, 3], "rotation": 180, "texture": "#1"}
			}
		},
		{
			"from": [0, 8, -10],
			"to": [12, 8, 0],
			"rotation": {"angle": -22.5, "axis": "x", "origin": [6, 8, 0]},
			"faces": {
				"north": {"uv": [0, 0, 4.75, 0], "texture": "#missing"},
				"east": {"uv": [0, 0, 2.25, 0], "texture": "#missing"},
				"south": {"uv": [0, 0, 4.75, 0], "texture": "#missing"},
				"west": {"uv": [0, 0, 2.25, 0], "texture": "#missing"},
				"up": {"uv": [0.75, 0, 5, 3], "texture": "#1"},
				"down": {"uv": [5, 0, 0.75, 3], "rotation": 180, "texture": "#1"}
			}
		},
		{
			"from": [8, 5, -7],
			"to": [16, 5, 0],
			"rotation": {"angle": -22.5, "axis": "x", "origin": [12, 5, -0.5]},
			"faces": {
				"north": {"uv": [0, 0, 2, 0], "texture": "#missing"},
				"east": {"uv": [0, 0, 0.25, 0], "texture": "#missing"},
				"south": {"uv": [0, 0, 2, 0], "texture": "#missing"},
				"west": {"uv": [0, 0, 0.25, 0], "texture": "#missing"},
				"up": {"uv": [6.5, 1, 8.75, 3], "texture": "#1"},
				"down": {"uv": [8.75, 1, 6.5, 3], "rotation": 180, "texture": "#1"}
			}
		}
	],
	"display": {
		"thirdperson_righthand": {
			"rotation": [75, -1.5, 0],
			"translation": [0, -3.25, 1.75],
			"scale": [0.375, 0.375, 0.375]
		},
		"thirdperson_lefthand": {
			"rotation": [75, -1.5, 0],
			"translation": [0, -3.25, 1.75],
			"scale": [0.375, 0.375, 0.375]
		},
		"firstperson_righthand": {
			"rotation": [75, -1.5, 0],
			"translation": [0, -3.25, 1.75],
			"scale": [0.375, 0.375, 0.375]
		},
		"firstperson_lefthand": {
			"rotation": [75, -1.5, 0],
			"translation": [0, -3.25, 1.75],
			"scale": [0.375, 0.375, 0.375]
		},
		"ground": {
			"translation": [0, 3, 0],
			"scale": [0.25, 0.25, 0.25]
		},
		"gui": {
			"rotation": [12, 157.5, 0],
			"translation": [3.5, 0.75, 0],
			"scale": [0.96, 0.96, 0.96]
		},
		"fixed": {
			"translation": [0.5, -1.25, 17],
			"scale": [2, 2, 2]
		}
	}
}