{
	"elements": [
		{
			"from": [-4, 0, -0.01],
			"to": [8, 3, 15.99],
			"rotation": {"angle": 0, "axis": "y", "origin": [8, -5, 8]},
			"faces": {
				"north": {"uv": [0, 13, 15, 16], "texture": "#2"},
				"south": {"uv": [4, 1, 16, 4], "texture": "#0"},
				"up": {"uv": [0, 0, 12, 16], "texture": "#0"},
				"down": {"uv": [0, 0, 16, 16], "texture": "#2"}
			}
		},
		{
			"from": [8, 0, -0.01],
			"to": [20, 3, 15.99],
			"rotation": {"angle": 0, "axis": "y", "origin": [8, -5, 8]},
			"faces": {
				"north": {"uv": [15, 13, 0, 16], "texture": "#2"},
				"south": {"uv": [16, 1, 4, 4], "texture": "#0"},
				"up": {"uv": [12, 0, 0, 16], "texture": "#0"},
				"down": {"uv": [16, 0, 0, 16], "texture": "#2"}
			}
		},
		{
			"from": [-10, 0, 0],
			"to": [-4, 4, 16],
			"rotation": {"angle": 0, "axis": "y", "origin": [-22, -26, 8]},
			"faces": {
				"north": {"uv": [11, 4, 5, 8], "texture": "#2"},
				"east": {"uv": [16, 4, 0, 8], "texture": "#2"},
				"south": {"uv": [6, 4, 0, 8], "texture": "#2"},
				"west": {"uv": [0, 8, 16, 12], "texture": "#2"},
				"up": {"uv": [16, 1, 0, 7], "rotation": 270, "texture": "#2"},
				"down": {"uv": [0, 0, 6, 16], "texture": "#2"}
			}
		},
		{
			"from": [20, 0, 0],
			"to": [26, 4, 16],
			"rotation": {"angle": 0, "axis": "y", "origin": [38, -26, 8]},
			"faces": {
				"north": {"uv": [5, 4, 11, 8], "texture": "#2"},
				"east": {"uv": [16, 8, 0, 12], "texture": "#2"},
				"south": {"uv": [0, 4, 6, 8], "texture": "#2"},
				"west": {"uv": [0, 4, 16, 8], "texture": "#2"},
				"up": {"uv": [16, 7, 0, 1], "rotation": 270, "texture": "#2"},
				"down": {"uv": [6, 0, 0, 16], "texture": "#2"}
			}
		},
		{
			"from": [-9, 4, 4],
			"to": [-5, 12, 12],
			"rotation": {"angle": 0, "axis": "y", "origin": [-22, -22, 8]},
			"faces": {
				"north": {"uv": [11, 7, 7, 15], "texture": "#2"},
				"east": {"uv": [12, 7, 4, 15], "texture": "#2"},
				"south": {"uv": [9, 7, 5, 15], "texture": "#2"},
				"west": {"uv": [15, 7, 7, 15], "texture": "#2"},
				"up": {"uv": [0, 8, 4, 0], "texture": "#2"},
				"down": {"uv": [0, 8, 4, 0], "texture": "#2"}
			}
		},
		{
			"from": [21, 4, 4],
			"to": [25, 12, 12],
			"rotation": {"angle": 0, "axis": "y", "origin": [38, -22, 8]},
			"faces": {
				"north": {"uv": [7, 7, 11, 15], "texture": "#2"},
				"east": {"uv": [7, 7, 15, 15], "texture": "#2"},
				"south": {"uv": [5, 7, 9, 15], "texture": "#2"},
				"west": {"uv": [4, 7, 12, 15], "texture": "#2"},
				"up": {"uv": [4, 8, 0, 0], "texture": "#2"},
				"down": {"uv": [4, 8, 0, 0], "texture": "#2"}
			}
		},
		{
			"from": [-9, 12, 0],
			"to": [-5, 16, 12],
			"rotation": {"angle": 0, "axis": "y", "origin": [8, -15, 8]},
			"faces": {
				"north": {"uv": [11, 3, 15, 7], "texture": "#2"},
				"east": {"uv": [2, 3, 15, 7], "texture": "#2"},
				"south": {"uv": [9, 3, 13, 7], "texture": "#2"},
				"west": {"uv": [0, 7, 13, 11], "texture": "#2"},
				"up": {"uv": [2, 4, 15, 7], "rotation": 270, "texture": "#2"},
				"down": {"uv": [0, 3, 4, 15], "texture": "#2"}
			}
		},
		{
			"from": [21, 12, 0],
			"to": [25, 16, 12],
			"rotation": {"angle": 0, "axis": "y", "origin": [8, -15, 8]},
			"faces": {
				"north": {"uv": [15, 3, 11, 7], "texture": "#2"},
				"east": {"uv": [13, 7, 0, 11], "texture": "#2"},
				"south": {"uv": [13, 3, 9, 7], "texture": "#2"},
				"west": {"uv": [15, 3, 2, 7], "texture": "#2"},
				"up": {"uv": [2, 11, 15, 8], "rotation": 270, "texture": "#2"},
				"down": {"uv": [4, 3, 0, 15], "texture": "#2"}
			}
		}
	],
	"display": {
		"thirdperson_righthand": {
			"rotation": [57, 2, 0],
			"translation": [0, 1.25, 0.5],
			"scale": [0.15, 0.15, 0.15]
		},
		"thirdperson_lefthand": {
			"rotation": [64, 4, 0],
			"translation": [0, 1.25, 1],
			"scale": [0.15, 0.15, 0.15]
		},
		"firstperson_righthand": {
			"rotation": [-6, -4, 2],
			"translation": [1.5, 1.5, 0.5],
			"scale": [0.15, 0.15, 0.15]
		},
		"firstperson_lefthand": {
			"rotation": [-1, -8, 6],
			"translation": [1.75, 1.25, 0],
			"scale": [0.15, 0.15, 0.15]
		},
		"ground": {
			"translation": [0, -1.25, 0],
			"scale": [0.2, 0.2, 0.2]
		},
		"gui": {
			"rotation": [21, -39, 0],
			"translation": [0, 0.25, 0],
			"scale": [0.36, 0.36, 0.36]
		},
		"head": {
			"rotation": [-1, 0, 0],
			"translation": [0, 10.5, 0],
			"scale": [0.5, 0.5, 0.5]
		},
		"fixed": {
			"rotation": [1, 4, 0],
			"translation": [0.25, -0.25, -0.25],
			"scale": [0.5, 0.5, 0.5]
		}
	}
}