{
	"elements": [
		{
			"from": [-8, 1, 0.01],
			"to": [8, 3, 15.99],
			"rotation": {"angle": 0, "axis": "y", "origin": [8, -5, 8]},
			"faces": {
				"north": {"uv": [0, 12, 16, 14], "texture": "#2"},
				"south": {"uv": [0, 8, 16, 10], "texture": "#2"},
				"up": {"uv": [0, 0, 16, 15.979], "texture": "#2"},
				"down": {"uv": [0, 0, 16, 15.979], "texture": "#2"}
			}
		},
		{
			"from": [8, 1, 0.01],
			"to": [24, 3, 15.99],
			"rotation": {"angle": 0, "axis": "y", "origin": [8, -5, 8]},
			"faces": {
				"north": {"uv": [0, 12, 16, 14], "texture": "#2"},
				"south": {"uv": [0, 8, 16, 10], "texture": "#2"},
				"up": {"uv": [0, 0, 16, 15.979], "texture": "#2"},
				"down": {"uv": [0, 0, 16, 15.979], "texture": "#2"}
			}
		},
		{
			"from": [-8, 4, 7],
			"to": [-8, 13, 9],
			"rotation": {"angle": 0, "axis": "y", "origin": [8, -5, 8]},
			"faces": {
				"east": {"uv": [0, 0, 2, 9], "texture": "#0"},
				"west": {"uv": [1, 2, 3, 11], "texture": "#0"}
			}
		},
		{
			"from": [24, 4, 7],
			"to": [24, 13, 9],
			"rotation": {"angle": 0, "axis": "y", "origin": [40, -5, 8]},
			"faces": {
				"east": {"uv": [0, 0, 2, 9], "texture": "#0"},
				"west": {"uv": [1, 2, 3, 11], "texture": "#0"}
			}
		},
		{
			"from": [-8, 13, 0],
			"to": [-8, 15, 16],
			"rotation": {"angle": 0, "axis": "y", "origin": [8, -5, 8]},
			"faces": {
				"east": {"uv": [0, 10, 16, 12], "texture": "#0"},
				"west": {"uv": [0, 4, 16, 6], "texture": "#0"}
			}
		},
		{
			"from": [24, 13, 0],
			"to": [24, 15, 16],
			"rotation": {"angle": 0, "axis": "y", "origin": [40, -5, 8]},
			"faces": {
				"east": {"uv": [0, 10, 16, 12], "texture": "#0"},
				"west": {"uv": [0, 4, 16, 6], "texture": "#0"}
			}
		},
		{
			"from": [22, 0, 0],
			"to": [26, 4, 16],
			"rotation": {"angle": 0, "axis": "y", "origin": [8, -22, 8]},
			"faces": {
				"north": {"uv": [0, 0, 4, 4], "texture": "#0"},
				"east": {"uv": [0, 10, 16, 14], "texture": "#0"},
				"south": {"uv": [0, 0, 4, 4], "texture": "#0"},
				"west": {"uv": [0, 10, 16, 14], "texture": "#0"},
				"up": {"uv": [0, 0, 4, 16], "texture": "#0"},
				"down": {"uv": [0, 0, 4, 16], "texture": "#0"}
			}
		},
		{
			"from": [-10, 0, 0],
			"to": [-6, 4, 16],
			"rotation": {"angle": 0, "axis": "y", "origin": [8, -22, 8]},
			"faces": {
				"north": {"uv": [10, 12, 14, 16], "texture": "#0"},
				"east": {"uv": [0, 0, 16, 4], "texture": "#0"},
				"south": {"uv": [10, 7, 14, 11], "texture": "#0"},
				"west": {"uv": [0, 9, 16, 13], "texture": "#0"},
				"up": {"uv": [4, 0, 8, 16], "texture": "#0"},
				"down": {"uv": [0, 0, 4, 16], "texture": "#0"}
			}
		}
	],
	"display": {
		"thirdperson_righthand": {
			"rotation": [57, 2, 0],
			"translation": [0, 1.25, 0.5],
			"scale": [0.15, 0.15, 0.15]
		},
		"thirdperson_lefthand": {
			"rotation": [64, 4, 0],
			"translation": [0, 1.25, 1],
			"scale": [0.15, 0.15, 0.15]
		},
		"firstperson_righthand": {
			"rotation": [-6, -4, 2],
			"translation": [1.5, 1.5, 0.5],
			"scale": [0.15, 0.15, 0.15]
		},
		"firstperson_lefthand": {
			"rotation": [-1, -8, 6],
			"translation": [1.75, 1.25, 0],
			"scale": [0.15, 0.15, 0.15]
		},
		"ground": {
			"translation": [0, -1.25, 0],
			"scale": [0.2, 0.2, 0.2]
		},
		"gui": {
			"rotation": [21, -39, 0],
			"translation": [0, 0.25, 0],
			"scale": [0.36, 0.36, 0.36]
		},
		"head": {
			"rotation": [-1, 0, 0],
			"translation": [0, 10.5, 0],
			"scale": [0.5, 0.5, 0.5]
		},
		"fixed": {
			"rotation": [1, 4, 0],
			"translation": [0.25, -0.25, -0.25],
			"scale": [0.5, 0.5, 0.5]
		}
	}
}