{
	"elements": [
		{
			"from": [6.5, 11, 8],
			"to": [9.5, 14, 22],
			"rotation": {"angle": 0, "axis": "y", "origin": [8, 11, 0]},
			"faces": {
				"east": {"uv": [15, 12, 1, 15], "texture": "#0"},
				"south": {"uv": [1, 0, 4, 3], "rotation": 90, "texture": "#0"},
				"west": {"uv": [14, 4, 0, 7], "texture": "#0"},
				"up": {"uv": [15, 0, 1, 3], "rotation": 90, "texture": "#0"},
				"down": {"uv": [15, 4, 1, 7], "rotation": 90, "texture": "#0"}
			}
		},
		{
			"from": [6.5, 11, -6],
			"to": [9.5, 14, 8],
			"rotation": {"angle": 0, "axis": "y", "origin": [8, 11, 16]},
			"faces": {
				"north": {"uv": [0, 3, 3, 0], "rotation": 90, "texture": "#0"},
				"east": {"uv": [15, 0, 1, 3], "texture": "#0"},
				"west": {"uv": [15, 11, 1, 14], "texture": "#0"},
				"up": {"uv": [15, 0, 1, 3], "rotation": 270, "texture": "#0"},
				"down": {"uv": [14, 8, 0, 11], "rotation": 270, "texture": "#0"}
			}
		},
		{
			"from": [-0.01, 14, 11],
			"to": [15.99, 16, 15],
			"rotation": {"angle": 0, "axis": "y", "origin": [8, 11, 8]},
			"faces": {
				"north": {"uv": [1, 0, 3, 16], "rotation": 90, "texture": "#0"},
				"east": {"uv": [8, 1, 4, 3], "texture": "#0"},
				"south": {"uv": [0, 16, 2, 0], "rotation": 90, "texture": "#0"},
				"west": {"uv": [4, 13, 0, 15], "texture": "#0"},
				"up": {"uv": [4, 0, 0, 16], "rotation": 270, "texture": "#0"},
				"down": {"uv": [15, 0, 11, 16], "rotation": 270, "texture": "#0"}
			}
		},
		{
			"from": [0.01, 14, 1],
			"to": [16.01, 16, 5],
			"rotation": {"angle": 0, "axis": "y", "origin": [8, 11, 8]},
			"faces": {
				"north": {"uv": [0, 16, 2, 0], "rotation": 90, "texture": "#0"},
				"east": {"uv": [4, 13, 0, 15], "texture": "#0"},
				"south": {"uv": [1, 0, 3, 16], "rotation": 90, "texture": "#0"},
				"west": {"uv": [8, 1, 4, 3], "texture": "#0"},
				"up": {"uv": [4, 0, 0, 16], "rotation": 90, "texture": "#0"},
				"down": {"uv": [15, 0, 11, 16], "rotation": 90, "texture": "#0"}
			}
		},
		{
			"from": [0, 14, 18.01],
			"to": [16, 17, 21.01],
			"rotation": {"angle": 0, "axis": "y", "origin": [8, -10, 38]},
			"faces": {
				"north": {"uv": [0, 4, 16, 7], "texture": "#1"},
				"east": {"uv": [6, 6, 10, 10], "texture": "#2"},
				"south": {"uv": [16, 12, 0, 15], "texture": "#1"},
				"west": {"uv": [6, 6, 10, 10], "texture": "#2"},
				"up": {"uv": [16, 10, 0, 7], "texture": "#1"},
				"down": {"uv": [16, 5, 0, 8], "rotation": 180, "texture": "#1"}
			}
		},
		{
			"from": [0, 14, -5.01],
			"to": [16, 17, -2.01],
			"rotation": {"angle": 0, "axis": "y", "origin": [8, -10, -22]},
			"faces": {
				"north": {"uv": [16, 12, 0, 15], "texture": "#1"},
				"east": {"uv": [6, 6, 10, 10], "texture": "#2"},
				"south": {"uv": [0, 4, 16, 7], "texture": "#1"},
				"west": {"uv": [6, 6, 10, 10], "texture": "#2"},
				"up": {"uv": [16, 10, 0, 7], "rotation": 180, "texture": "#1"},
				"down": {"uv": [16, 5, 0, 8], "texture": "#1"}
			}
		},
		{
			"from": [0, 28, 18],
			"to": [16, 31, 21],
			"rotation": {"angle": 0, "axis": "y", "origin": [8, 30.5, 56.49]},
			"faces": {
				"north": {"uv": [16, 12, 0, 15], "texture": "#1"},
				"east": {"uv": [6, 6, 10, 10], "texture": "#2"},
				"south": {"uv": [0, 4, 16, 7], "texture": "#1"},
				"west": {"uv": [6, 6, 10, 10], "texture": "#2"},
				"up": {"uv": [16, 10, 0, 7], "rotation": 180, "texture": "#1"},
				"down": {"uv": [16, 5, 0, 8], "texture": "#1"}
			}
		},
		{
			"from": [0, 28, -5],
			"to": [16, 31, -2],
			"rotation": {"angle": 0, "axis": "y", "origin": [8, 30.5, -40.49]},
			"faces": {
				"north": {"uv": [0, 4, 16, 7], "texture": "#1"},
				"east": {"uv": [6, 6, 10, 10], "texture": "#2"},
				"south": {"uv": [16, 12, 0, 15], "texture": "#1"},
				"west": {"uv": [6, 6, 10, 10], "texture": "#2"},
				"up": {"uv": [16, 10, 0, 7], "texture": "#1"},
				"down": {"uv": [16, 5, 0, 8], "rotation": 180, "texture": "#1"}
			}
		},
		{
			"from": [6.5, 16, 18.5],
			"to": [9.52, 28, 20.5],
			"rotation": {"angle": 0, "axis": "y", "origin": [8, -6, 38]},
			"faces": {
				"north": {"uv": [4, 0, 7, 15], "texture": "#1"},
				"east": {"uv": [0, 1, 3, 16], "texture": "#1"},
				"south": {"uv": [2, 1, 5, 16], "texture": "#1"},
				"west": {"uv": [11, 1, 14, 16], "texture": "#1"}
			}
		},
		{
			"from": [6.48, 16, -4.5],
			"to": [9.5, 28, -2.5],
			"rotation": {"angle": 0, "axis": "y", "origin": [8, -6, -22]},
			"faces": {
				"north": {"uv": [2, 1, 5, 16], "texture": "#1"},
				"east": {"uv": [11, 1, 14, 16], "texture": "#1"},
				"south": {"uv": [4, 0, 7, 15], "texture": "#1"},
				"west": {"uv": [0, 1, 3, 16], "texture": "#1"}
			}
		},
		{
			"from": [7, 13, 19],
			"to": [9, 32, 20],
			"rotation": {"angle": -45, "axis": "z", "origin": [7.65254, 22.64392, 19.5]},
			"faces": {
				"north": {"uv": [0, 8, 16, 10], "rotation": 90, "texture": "#1"},
				"east": {"uv": [0, 0, 16, 1], "rotation": 90, "texture": "#1"},
				"south": {"uv": [0, 4, 16, 6], "rotation": 90, "texture": "#1"},
				"west": {"uv": [0, 13, 16, 14], "rotation": 90, "texture": "#1"}
			}
		},
		{
			"from": [7, 13, -4],
			"to": [9, 32, -3],
			"rotation": {"angle": 45, "axis": "z", "origin": [8.34746, 22.64392, -3.5]},
			"faces": {
				"north": {"uv": [0, 4, 16, 6], "rotation": 90, "texture": "#1"},
				"east": {"uv": [0, 13, 16, 14], "rotation": 90, "texture": "#1"},
				"south": {"uv": [0, 8, 16, 10], "rotation": 90, "texture": "#1"},
				"west": {"uv": [0, 0, 16, 1], "rotation": 90, "texture": "#1"}
			}
		},
		{
			"from": [6.79646, 12.79646, 19],
			"to": [8.79646, 31.79646, 20],
			"rotation": {"angle": 45, "axis": "z", "origin": [7.79646, 22.29646, 19.5]},
			"faces": {
				"north": {"uv": [0, 4, 16, 6], "rotation": 90, "texture": "#1"},
				"east": {"uv": [0, 13, 16, 14], "rotation": 90, "texture": "#1"},
				"south": {"uv": [0, 8, 16, 10], "rotation": 90, "texture": "#1"},
				"west": {"uv": [0, 0, 16, 1], "rotation": 90, "texture": "#1"}
			}
		},
		{
			"from": [7.20354, 12.79646, -4],
			"to": [9.20354, 31.79646, -3],
			"rotation": {"angle": -45, "axis": "z", "origin": [8.20354, 22.29646, -3.5]},
			"faces": {
				"north": {"uv": [0, 8, 16, 10], "rotation": 90, "texture": "#1"},
				"east": {"uv": [0, 0, 16, 1], "rotation": 90, "texture": "#1"},
				"south": {"uv": [0, 4, 16, 6], "rotation": 90, "texture": "#1"},
				"west": {"uv": [0, 13, 16, 14], "rotation": 90, "texture": "#1"}
			}
		}
	],
	"display": {
		"thirdperson_righthand": {
			"rotation": [57, 91, 0],
			"translation": [0, 1.25, 0.5],
			"scale": [0.15, 0.15, 0.15]
		},
		"thirdperson_lefthand": {
			"rotation": [64, 91, 0],
			"translation": [0, 1.25, 1],
			"scale": [0.15, 0.15, 0.15]
		},
		"firstperson_righthand": {
			"rotation": [-6, 85, -6],
			"translation": [2.5, -0.25, 0.5],
			"scale": [0.15, 0.15, 0.15]
		},
		"firstperson_lefthand": {
			"rotation": [-15, 81, 17],
			"translation": [2.75, -0.5, 0],
			"scale": [0.15, 0.15, 0.15]
		},
		"ground": {
			"translation": [0, -0.5, 0],
			"scale": [0.2, 0.2, 0.2]
		},
		"gui": {
			"rotation": [21, -39, 0],
			"translation": [-0.25, -6.25, 0],
			"scale": [0.5, 0.5, 0.5]
		},
		"head": {
			"rotation": [-1, 0, 0],
			"translation": [0, -8, 0],
			"scale": [0.5, 0.5, 0.5]
		},
		"fixed": {
			"rotation": [1, 93, 0],
			"translation": [0.25, -8.25, -0.25],
			"scale": [0.66, 0.65, 0.43]
		}
	}
}