{
	"elements": [
		{
			"from": [-3, 0, 2.01],
			"to": [19, 2, 6.99],
			"rotation": {"angle": 0, "axis": "y", "origin": [8, -5, 8]},
			"faces": {
				"north": {"uv": [0, 11, 15.5, 13], "texture": "#2"},
				"east": {"uv": [11, 0, 15.98, 2], "texture": "#2"},
				"south": {"uv": [0, 9, 16, 11], "texture": "#2"},
				"west": {"uv": [0, 0, 4.98, 2], "texture": "#2"},
				"up": {"uv": [0, 0, 15.5, 3.979], "texture": "#2"},
				"down": {"uv": [0, 0, 16, 3.979], "texture": "#2"}
			}
		},
		{
			"from": [-3, 0, 10.01],
			"to": [19, 2, 14.99],
			"rotation": {"angle": 0, "axis": "y", "origin": [8, -5, 8]},
			"faces": {
				"north": {"uv": [0, 12, 15.5, 14], "texture": "#2"},
				"east": {"uv": [0, 0, 4.98, 2], "texture": "#2"},
				"south": {"uv": [0, 10, 16, 12], "texture": "#2"},
				"west": {"uv": [6, 1, 10.98, 3], "texture": "#2"},
				"up": {"uv": [0, 8, 15.5, 11.979], "texture": "#2"},
				"down": {"uv": [0, 0, 16, 3.979], "texture": "#2"}
			}
		},
		{
			"from": [-0.5, 2, 0],
			"to": [-0.5, 16, 16],
			"rotation": {"angle": 0, "axis": "y", "origin": [8, -5, 9]},
			"faces": {
				"east": {"uv": [0, 0, 16, 14], "texture": "#0"},
				"west": {"uv": [16, 0, 0, 14], "texture": "#0"}
			}
		},
		{
			"from": [16.5, 2, 0],
			"to": [16.5, 16, 16],
			"rotation": {"angle": 0, "axis": "y", "origin": [8, -5, 9]},
			"faces": {
				"east": {"uv": [0, 0, 16, 14], "texture": "#0"},
				"west": {"uv": [16, 0, 0, 14], "texture": "#0"}
			}
		},
		{
			"from": [-1, 0.5, 0],
			"to": [0, 1.5, 16],
			"faces": {
				"north": {"uv": [1, 1, 2, 2], "texture": "#4"},
				"east": {"uv": [0, 1, 16, 2], "texture": "#4"},
				"south": {"uv": [2, 1, 3, 2], "texture": "#4"},
				"west": {"uv": [0, 1, 16, 2], "texture": "#4"},
				"up": {"uv": [0, 9, 16, 9.5], "rotation": 90, "texture": "#4"},
				"down": {"uv": [0, 15, 16, 16], "rotation": 90, "texture": "#4"}
			}
		},
		{
			"from": [-1, 15.5, 0],
			"to": [0, 16.5, 16],
			"faces": {
				"north": {"uv": [1, 1, 2, 2], "texture": "#4"},
				"east": {"uv": [0, 11, 16, 12], "texture": "#4"},
				"south": {"uv": [2, 1, 3, 2], "texture": "#4"},
				"west": {"uv": [0, 3, 16, 4], "texture": "#4"},
				"up": {"uv": [0, 5, 16, 5.5], "rotation": 90, "texture": "#4"},
				"down": {"uv": [0, 15, 16, 16], "rotation": 90, "texture": "#4"}
			}
		},
		{
			"from": [16, 0.5, 0],
			"to": [17, 1.5, 16],
			"faces": {
				"north": {"uv": [1, 1, 2, 2], "texture": "#4"},
				"east": {"uv": [0, 1, 16, 2], "texture": "#4"},
				"south": {"uv": [2, 1, 3, 2], "texture": "#4"},
				"west": {"uv": [0, 1, 16, 2], "texture": "#4"},
				"up": {"uv": [0, 9, 16, 9.5], "rotation": 90, "texture": "#4"},
				"down": {"uv": [0, 15, 16, 16], "rotation": 90, "texture": "#4"}
			}
		},
		{
			"from": [16, 15.5, 0],
			"to": [17, 16.5, 16],
			"faces": {
				"north": {"uv": [1, 1, 2, 2], "texture": "#4"},
				"east": {"uv": [0, 1, 16, 2], "texture": "#4"},
				"south": {"uv": [2, 1, 3, 2], "texture": "#4"},
				"west": {"uv": [0, 1, 16, 2], "texture": "#4"},
				"up": {"uv": [0, 9, 16, 9.5], "rotation": 90, "texture": "#4"},
				"down": {"uv": [0, 15, 16, 16], "rotation": 90, "texture": "#4"}
			}
		}
	],
	"display": {
		"thirdperson_righthand": {
			"rotation": [57, 2, 0],
			"translation": [0, 1.25, 0.5],
			"scale": [0.15, 0.15, 0.15]
		},
		"thirdperson_lefthand": {
			"rotation": [64, 4, 0],
			"translation": [0, 1.25, 1],
			"scale": [0.15, 0.15, 0.15]
		},
		"firstperson_righthand": {
			"rotation": [-6, -4, 2],
			"translation": [1.5, 1.5, 0.5],
			"scale": [0.15, 0.15, 0.15]
		},
		"firstperson_lefthand": {
			"rotation": [-1, -8, 6],
			"translation": [1.75, 1.25, 0],
			"scale": [0.15, 0.15, 0.15]
		},
		"ground": {
			"translation": [0, -1.25, 0],
			"scale": [0.2, 0.2, 0.2]
		},
		"gui": {
			"rotation": [21, -39, 0],
			"translation": [0, 0.25, 0],
			"scale": [0.5, 0.5, 0.5]
		},
		"head": {
			"rotation": [-1, 0, 0],
			"translation": [0, 10.5, 0],
			"scale": [0.5, 0.5, 0.5]
		},
		"fixed": {
			"rotation": [1, 4, 0],
			"translation": [0.25, -0.25, -0.25],
			"scale": [0.5, 0.5, 0.5]
		}
	}
}