{
	"credit": "Made with Blockbench",
	"ambientocclusion": false,
	"textures": {
		"1": "block/large_crimson_roots_top",
		"particle": "large_crimson_roots_bottom",
		"cross": "block/large_crimson_roots_bottom"
	},
	"elements": [
		{
			"from": [0.8, 16, 8],
			"to": [15.2, 32, 8],
			"shade": false,
			"rotation": {"angle": 45, "axis": "y", "origin": [8, 8, 8], "rescale": true},
			"faces": {
				"north": {"uv": [0, 0, 16, 16], "texture": "#1"},
				"east": {"uv": [0, 0, 0, 0], "texture": "#1"},
				"south": {"uv": [0, 0, 16, 16], "texture": "#1"},
				"west": {"uv": [0, 0, 0, 0], "texture": "#1"},
				"up": {"uv": [0, 0, 0, 0], "texture": "#1"},
				"down": {"uv": [0, 0, 0, 0], "texture": "#1"}
			}
		},
		{
			"from": [8, 16, 0.8],
			"to": [8, 32, 15.2],
			"shade": false,
			"rotation": {"angle": 45, "axis": "y", "origin": [8, 8, 8], "rescale": true},
			"faces": {
				"north": {"uv": [0, 0, 0, 0], "texture": "#1"},
				"east": {"uv": [0, 0, 16, 16], "texture": "#1"},
				"south": {"uv": [0, 0, 0, 0], "texture": "#1"},
				"west": {"uv": [0, 0, 16, 16], "texture": "#1"},
				"up": {"uv": [0, 0, 0, 0], "texture": "#1"},
				"down": {"uv": [0, 0, 0, 0], "texture": "#1"}
			}
		},
		{
			"from": [0.8, 0, 8],
			"to": [15.2, 16, 8],
			"shade": false,
			"rotation": {"angle": 45, "axis": "y", "origin": [8, 8, 8], "rescale": true},
			"faces": {
				"north": {"uv": [0, 0, 16, 16], "texture": "#cross"},
				"south": {"uv": [0, 0, 16, 16], "texture": "#cross"}
			}
		},
		{
			"from": [8, 0, 0.8],
			"to": [8, 16, 15.2],
			"shade": false,
			"rotation": {"angle": 45, "axis": "y", "origin": [8, 8, 8], "rescale": true},
			"faces": {
				"east": {"uv": [0, 0, 16, 16], "texture": "#cross"},
				"west": {"uv": [0, 0, 16, 16], "texture": "#cross"}
			}
		}
	],
	"gui_light": "front",
	"display": {
		"thirdperson_righthand": {
			"rotation": [75, 45, 0],
			"translation": [0, 2.5, 0],
			"scale": [0.375, 0.375, 0.375]
		},
		"thirdperson_lefthand": {
			"rotation": [75, 45, 0],
			"translation": [0, 2.5, 0],
			"scale": [0.375, 0.375, 0.375]
		},
		"firstperson_righthand": {
			"rotation": [0, 225, 0],
			"scale": [0.4, 0.4, 0.4]
		},
		"firstperson_lefthand": {
			"rotation": [0, 225, 0],
			"scale": [0.4, 0.4, 0.4]
		},
		"ground": {
			"translation": [0, 3, 0],
			"scale": [0.4, 0.4, 0.4]
		},
		"gui": {
			"rotation": [30, 225, 0],
			"translation": [0, -3, 0],
			"scale": [0.49, 0.69508, 0.49]
		},
		"fixed": {
			"rotation": [-90, 0, 0],
			"translation": [0, 0, -14],
			"scale": [2, 2, 2]
		}
	}
}