{
	"elements": [
		{
			"from": [1, 1, 1],
			"to": [15, 15, 15],
			"rotation": {"angle": 0, "axis": "y", "origin": [8, 9, 8]},
			"faces": {
				"north": {"uv": [0, 0, 16, 16], "texture": "#3"},
				"east": {"uv": [0, 0, 16, 16], "texture": "#3"},
				"south": {"uv": [0, 0, 16, 16], "texture": "#3"},
				"west": {"uv": [0, 0, 16, 16], "texture": "#3"}
			}
		},
		{
			"from": [0, 2, 2],
			"to": [1, 14, 14],
			"rotation": {"angle": 0, "axis": "y", "origin": [8, 9, 8]},
			"faces": {
				"north": {"uv": [15, 1, 15.5, 15], "texture": "#4"},
				"south": {"uv": [0, 1, 0.5, 15], "texture": "#4"},
				"west": {"uv": [1, 1, 15, 15], "rotation": 90, "texture": "#4"},
				"up": {"uv": [1, 7, 13, 8], "rotation": 270, "texture": "#4"},
				"down": {"uv": [1, 9, 13, 10], "rotation": 90, "texture": "#4"}
			}
		},
		{
			"from": [0, 0, 0],
			"to": [16, 1.01, 16],
			"faces": {
				"north": {"uv": [0, 0, 16, 1], "texture": "#3"},
				"east": {"uv": [0, 0, 16, 1], "texture": "#3"},
				"south": {"uv": [0, 0, 16, 1], "texture": "#3"},
				"west": {"uv": [0, 0, 16, 1], "texture": "#3"},
				"up": {"uv": [0, 0, 16, 16], "texture": "#3"},
				"down": {"uv": [0, 0, 16, 16], "texture": "#3"}
			}
		},
		{
			"from": [0, 15, 0],
			"to": [16, 16.01, 16],
			"faces": {
				"north": {"uv": [0, 0, 16, 1], "texture": "#3"},
				"east": {"uv": [0, 0, 16, 1], "texture": "#3"},
				"south": {"uv": [0, 0, 16, 1], "texture": "#3"},
				"west": {"uv": [0, 0, 16, 1], "texture": "#3"},
				"up": {"uv": [0, 0, 16, 16], "texture": "#3"},
				"down": {"uv": [0, 0, 16, 16], "texture": "#3"}
			}
		},
		{
			"from": [-0.05, 6, 3],
			"to": [0.05, 10, 4],
			"faces": {
				"north": {"uv": [6.1, 0, 5, 4], "texture": "#2"},
				"west": {"uv": [5, 0, 4, 4], "texture": "#2"},
				"up": {"uv": [0, 1, 0.1, 0], "texture": "#2"},
				"down": {"uv": [3, 3, 3.1, 2], "texture": "#2"}
			}
		}
	],
	"display": {
		"thirdperson_righthand": {
			"scale": [0.3, 0.3, 0.3]
		},
		"thirdperson_lefthand": {
			"rotation": [0, -180, 0],
			"scale": [0.3, 0.3, 0.3]
		},
		"firstperson_righthand": {
			"rotation": [0, 21, 0],
			"translation": [3.25, 0.75, 0],
			"scale": [0.2, 0.2, 0.2]
		},
		"firstperson_lefthand": {
			"rotation": [0, 23, 0],
			"translation": [3.25, 0.5, 0],
			"scale": [0.2, 0.2, 0.2]
		},
		"ground": {
			"scale": [0.32, 0.32, 0.32]
		},
		"gui": {
			"rotation": [20, 50, 0],
			"translation": [0, -0.25, 0],
			"scale": [0.65, 0.65, 0.65]
		},
		"head": {
			"rotation": [0, -90, 0]
		},
		"fixed": {
			"rotation": [0, -90, 0],
			"translation": [0, 0, 5]
		}
	}
}