{
	"credit": "Made with Blockbench",
	"ambientocclusion": false,
	"texture_size": [32, 32],
	"textures": {
		"0": "block/molten_gold_pot",
		"1": "block/hot_chain",
		"particle": "block/molten_gold_pot"
	},
	"elements": [
		{
			"from": [4, 0, 4],
			"to": [12, 5, 12],
			"faces": {
				"north": {"uv": [4, 4, 8, 6.5], "texture": "#0"},
				"east": {"uv": [4, 0, 8, 2.5], "texture": "#0"},
				"south": {"uv": [4, 6.5, 8, 9], "texture": "#0"},
				"west": {"uv": [0, 8, 4, 10.5], "texture": "#0"},
				"up": {"uv": [4, 4, 0, 0], "texture": "#0"},
				"down": {"uv": [4, 4, 0, 8], "texture": "#0"}
			}
		},
		{
			"from": [6.5, 4, 8],
			"to": [9.5, 20, 8],
			"rotation": {"angle": 45, "axis": "y", "origin": [8, 12, 8]},
			"faces": {
				"north": {"uv": [0, 0, 3, 16], "texture": "#1"},
				"east": {"uv": [4, 0, 8, 2.5], "texture": "#0"},
				"south": {"uv": [0, 0, 3, 16], "texture": "#1"},
				"west": {"uv": [0, 8, 4, 10.5], "texture": "#0"},
				"up": {"uv": [4, 4, 0, 0], "texture": "#0"},
				"down": {"uv": [4, 4, 0, 8], "texture": "#0"}
			}
		},
		{
			"from": [8, 4, 6.5],
			"to": [8, 20, 9.5],
			"rotation": {"angle": 45, "axis": "y", "origin": [8, 12, 8]},
			"faces": {
				"north": {"uv": [0, 8, 4, 10.5], "texture": "#0"},
				"east": {"uv": [3, 0, 6, 16], "texture": "#1"},
				"south": {"uv": [4, 0, 8, 2.5], "texture": "#0"},
				"west": {"uv": [3, 0, 6, 16], "texture": "#1"},
				"up": {"uv": [4, 4, 0, 0], "rotation": 90, "texture": "#0"},
				"down": {"uv": [4, 4, 0, 8], "rotation": 270, "texture": "#0"}
			}
		},
		{
			"from": [4, 4, 3],
			"to": [12, 6, 4],
			"faces": {
				"north": {"uv": [8, 3.5, 12, 4.5], "texture": "#0"},
				"east": {"uv": [10, 9, 10.5, 10], "texture": "#0"},
				"south": {"uv": [8, 4.5, 12, 5.5], "texture": "#0"},
				"west": {"uv": [0, 10.5, 0.5, 11.5], "texture": "#0"},
				"up": {"uv": [8, 4, 4, 3.5], "texture": "#0"},
				"down": {"uv": [12, 2, 8, 2.5], "texture": "#0"}
			}
		},
		{
			"from": [4, 4, 12],
			"to": [12, 6, 13],
			"faces": {
				"north": {"uv": [8, 5.5, 12, 6.5], "texture": "#0"},
				"east": {"uv": [0.5, 10.5, 1, 11.5], "texture": "#0"},
				"south": {"uv": [8, 3.5, 12, 4.5], "texture": "#0"},
				"west": {"uv": [1, 10.5, 1.5, 11.5], "texture": "#0"},
				"up": {"uv": [12, 8, 8, 7.5], "texture": "#0"},
				"down": {"uv": [10, 9, 6, 9.5], "texture": "#0"}
			}
		},
		{
			"from": [3, 4, 3],
			"to": [4, 6, 13],
			"rotation": {"angle": 0, "axis": "y", "origin": [8, 5, 13]},
			"faces": {
				"north": {"uv": [1.5, 10.5, 2, 11.5], "texture": "#0"},
				"east": {"uv": [4, 2.5, 9, 3.5], "texture": "#0"},
				"south": {"uv": [1.5, 10.5, 2, 11.5], "texture": "#0"},
				"west": {"uv": [8, 8, 13, 9], "texture": "#0"},
				"up": {"uv": [4.5, 14, 4, 9], "texture": "#0"},
				"down": {"uv": [5, 9, 4.5, 14], "texture": "#0"}
			}
		},
		{
			"from": [12, 4, 3],
			"to": [13, 6, 13],
			"rotation": {"angle": 0, "axis": "y", "origin": [8, 5, 13]},
			"faces": {
				"north": {"uv": [2.5, 10.5, 3, 11.5], "texture": "#0"},
				"east": {"uv": [8, 8, 13, 9], "texture": "#0"},
				"south": {"uv": [2.5, 10.5, 3, 11.5], "texture": "#0"},
				"west": {"uv": [8, 1, 13, 2], "texture": "#0"},
				"up": {"uv": [5.5, 14, 5, 9], "texture": "#0"},
				"down": {"uv": [6, 9, 5.5, 14], "texture": "#0"}
			}
		},
		{
			"from": [6, 6.64994, 12.55656],
			"to": [10, 6.64994, 14.55656],
			"rotation": {"angle": 22.5, "axis": "x", "origin": [8, 4.39994, 8.05656]},
			"faces": {
				"north": {"uv": [0, 0, 2, 0], "texture": "#0"},
				"east": {"uv": [0, 0, 1, 0], "texture": "#0"},
				"south": {"uv": [0, 0, 2, 0], "texture": "#0"},
				"west": {"uv": [0, 0, 1, 0], "texture": "#0"},
				"up": {"uv": [9, 3.5, 11, 2.5], "rotation": 180, "texture": "#0"},
				"down": {"uv": [11, 3.5, 9, 2.5], "texture": "#0"}
			}
		},
		{
			"from": [6, 6.69804, 1.57648],
			"to": [10, 6.69804, 3.57648],
			"rotation": {"angle": -22.5, "axis": "x", "origin": [8, 4.39994, 8.05656]},
			"faces": {
				"north": {"uv": [0, 0, 2, 0], "texture": "#0"},
				"east": {"uv": [0, 0, 1, 0], "texture": "#0"},
				"south": {"uv": [0, 0, 2, 0], "texture": "#0"},
				"west": {"uv": [0, 0, 1, 0], "texture": "#0"},
				"up": {"uv": [11, 3.5, 9, 2.5], "texture": "#0"},
				"down": {"uv": [9, 3.5, 11, 2.5], "rotation": 180, "texture": "#0"}
			}
		}
	],
	"display": {
		"thirdperson_righthand": {
			"rotation": [67, 62.75, 0],
			"translation": [0, -3.75, -3],
			"scale": [0.69, 0.69, 0.69]
		},
		"thirdperson_lefthand": {
			"rotation": [67, 62.75, 0],
			"translation": [0, -3.75, -3],
			"scale": [0.69, 0.69, 0.69]
		},
		"firstperson_righthand": {
			"rotation": [9.75, 45, 0],
			"translation": [3, 4, 0],
			"scale": [0.62, 0.62, 0.62]
		},
		"firstperson_lefthand": {
			"rotation": [9.75, 45, 0],
			"translation": [3, 4, 0],
			"scale": [0.62, 0.62, 0.62]
		},
		"ground": {
			"translation": [0, 3, 0],
			"scale": [0.43, 0.43, 0.43]
		},
		"gui": {
			"rotation": [30, 225, 0],
			"translation": [0, -0.5, 0],
			"scale": [0.71, 0.71, 0.71]
		},
		"head": {
			"translation": [0, 15, 0]
		},
		"fixed": {
			"rotation": [90, 0, 0],
			"translation": [0, 0, -22],
			"scale": [2, 2, 2]
		}
	},
	"groups": [0, 1, 2, 3, 4, 5, 6,
		{
			"name": "group",
			"origin": [8, 4.42597, 2.11418],
			"children": [7, 8]
		}
	]
}