{
  "version": 2,
  "data": {
    "biomesoplenty:alps": "MOUNTAINS_NAKED",
    "biomesoplenty:alps_foothills": "SNOW_PINES",
    "biomesoplenty:bamboo_forest": "JUNGLE",
    "biomesoplenty:bayou": "SWAMP",
    "biomesoplenty:bog": "SWAMP",
    "biomesoplenty:boreal_forest": "PINES_HILLS",
    "biomesoplenty:brushland": "SAVANNA",
    "biomesoplenty:chaparral": "PLAINS",
    "biomesoplenty:cherry_blossom_grove": "DENSE_FOREST",
    "biomesoplenty:cold_desert": "PLAINS",
    "biomesoplenty:coniferous_forest": "PINES",
    "biomesoplenty:coral_reef": "WATER",
    "biomesoplenty:corrupted_sands": "PLAINS",
    "biomesoplenty:crag": "MOUNTAINS_SNOW_CAPS",
    "biomesoplenty:dead_forest": "SPARSE_FOREST",
    "biomesoplenty:dead_swamp": "SWAMP",
    "biomesoplenty:eucalyptus_forest": "JUNGLE",
    "biomesoplenty:fen": "SWAMP",
    "biomesoplenty:flower_field": "PLAINS",
    "biomesoplenty:flower_island": "WATER",
    "biomesoplenty:fungi_forest": "PLAINS",
    "biomesoplenty:glacier": "SNOW",
    "biomesoplenty:grassland": "HILLS",
    "biomesoplenty:gravel_beach": "SHORE",
    "biomesoplenty:grove": "SPARSE_FOREST",
    "biomesoplenty:highland": "MOUNTAINS_NAKED",
    "biomesoplenty:kelp_forest": "WATER",
    "biomesoplenty:land_of_lakes": "SWAMP",
    "biomesoplenty:lavender_fields": "PLAINS",
    "biomesoplenty:lush_desert": "SAVANNA",
    "biomesoplenty:lush_swamp": "SWAMP",
    "biomesoplenty:mangrove": "SWAMP",
    "biomesoplenty:maple_woods": "PINES",
    "biomesoplenty:marsh": "PLAINS",
    "biomesoplenty:meadow": "SPARSE_FOREST",
    "biomesoplenty:moor": "SWAMP_HILLS",
    "biomesoplenty:mountain": "SPARSE_FOREST",
    "biomesoplenty:mountain_foothills": "SPARSE_FOREST_HILLS",
    "biomesoplenty:mystic_grove": "DENSE_FOREST",
    "biomesoplenty:oasis": "JUNGLE",
    "biomesoplenty:ominous_woods": "DENSE_FOREST",
    "biomesoplenty:orchard": "DENSE_FOREST",
    "biomesoplenty:origin_beach": "SHORE",
    "biomesoplenty:origin_island": "SWAMP",
    "biomesoplenty:outback": "SAVANNA",
    "biomesoplenty:overgrown_cliffs": "JUNGLE_CLIFFS",
    "biomesoplenty:pasture": "PLAINS",
    "biomesoplenty:phantasmagoric_inferno": "DESERT",
    "biomesoplenty:prairie": "PLAINS",
    "biomesoplenty:quagmire": "SWAMP",
    "biomesoplenty:rainforest": "JUNGLE_HILLS",
    "biomesoplenty:redwood_forest": "DENSE_FOREST",
    "biomesoplenty:redwood_forest_edge": "DENSE_FOREST",
    "biomesoplenty:sacred_springs": "JUNGLE",
    "biomesoplenty:seasonal_forest": "DENSE_FOREST",
    "biomesoplenty:shield": "DENSE_FOREST",
    "biomesoplenty:shrubland": "PLAINS",
    "biomesoplenty:snowy_coniferous_forest": "PINES",
    "biomesoplenty:snowy_forest": "SNOW_PINES",
    "biomesoplenty:snowy_tundra": "SNOW",
    "biomesoplenty:steppe": "PLAINS",
    "biomesoplenty:temperate_rainforest": "DENSE_FOREST",
    "biomesoplenty:tropical_island": "SWAMP",
    "biomesoplenty:tropical_rainforest": "JUNGLE",
    "biomesoplenty:tundra": "SNOW",
    "biomesoplenty:undergarden": "PLAINS",
    "biomesoplenty:visceral_heap": "PLAINS",
    "biomesoplenty:volcanic_island": "WATER",
    "biomesoplenty:wasteland": "PLAINS",
    "biomesoplenty:wetland": "SWAMP",
    "biomesoplenty:white_beach": "SHORE",
    "biomesoplenty:woodland": "DENSE_FOREST",
    "biomesoplenty:xeric_shrubland": "SAVANNA",
    "jeid:error_biome": "PLAINS",
    "minecraft:beaches": "SHORE",
    "minecraft:birch_forest": "BIRCH",
    "minecraft:birch_forest_hills": "BIRCH_HILLS",
    "minecraft:cold_beach": "SHORE",
    "minecraft:deep_ocean": "WATER",
    "minecraft:desert": "DESERT",
    "minecraft:desert_hills": "DESERT_HILLS",
    "minecraft:extreme_hills": "MOUNTAINS",
    "minecraft:extreme_hills_with_trees": "MOUNTAINS_ALL",
    "minecraft:forest": "FOREST",
    "minecraft:forest_hills": "FOREST_HILLS",
    "minecraft:frozen_ocean": "ICE",
    "minecraft:frozen_river": "ICE",
    "minecraft:hell": "CAVE_WALLS",
    "minecraft:ice_flats": "SNOW",
    "minecraft:ice_mountains": "SNOW_HILLS",
    "minecraft:jungle": "JUNGLE",
    "minecraft:jungle_edge": "JUNGLE_EDGE",
    "minecraft:jungle_hills": "JUNGLE_HILLS",
    "minecraft:mesa": "MESA",
    "minecraft:mesa_clear_rock": "PLATEAU_MESA",
    "minecraft:mesa_rock": "PLATEAU_MESA_TREES",
    "minecraft:mushroom_island": "MUSHROOM",
    "minecraft:mushroom_island_shore": "SHORE",
    "minecraft:mutated_birch_forest": "TALL_BIRCH",
    "minecraft:mutated_birch_forest_hills": "TALL_BIRCH_HILLS",
    "minecraft:mutated_desert": "DESERT",
    "minecraft:mutated_extreme_hills": "MOUNTAINS_SNOW_CAPS",
    "minecraft:mutated_extreme_hills_with_trees": "MOUNTAINS_SNOW_CAPS",
    "minecraft:mutated_forest": "FOREST_FLOWERS",
    "minecraft:mutated_ice_flats": "ICE_SPIKES",
    "minecraft:mutated_jungle": "JUNGLE_CLIFFS",
    "minecraft:mutated_jungle_edge": "JUNGLE_EDGE_HILLS",
    "minecraft:mutated_mesa": "BRYCE",
    "minecraft:mutated_mesa_clear_rock": "PLATEAU_MESA_LOW",
    "minecraft:mutated_mesa_rock": "PLATEAU_MESA_TREES_LOW",
    "minecraft:mutated_plains": "SUNFLOWERS",
    "minecraft:mutated_redwood_taiga": "MEGA_SPRUCE",
    "minecraft:mutated_redwood_taiga_hills": "MEGA_SPRUCE_HILLS",
    "minecraft:mutated_roofed_forest": "DENSE_FOREST_HILLS",
    "minecraft:mutated_savanna": "SAVANNA_CLIFFS",
    "minecraft:mutated_savanna_rock": "PLATEAU_SAVANNA_M",
    "minecraft:mutated_swampland": "SWAMP_HILLS",
    "minecraft:mutated_taiga": "PINES_HILLS",
    "minecraft:mutated_taiga_cold": "SNOW_PINES_HILLS",
    "minecraft:ocean": "WATER",
    "minecraft:plains": "PLAINS",
    "minecraft:redwood_taiga": "MEGA_TAIGA",
    "minecraft:redwood_taiga_hills": "MEGA_TAIGA_HILLS",
    "minecraft:river": "WATER",
    "minecraft:roofed_forest": "DENSE_FOREST",
    "minecraft:savanna": "SAVANNA",
    "minecraft:savanna_rock": "PLATEAU_SAVANNA",
    "minecraft:sky": "SHORE",
    "minecraft:smaller_extreme_hills": "MOUNTAINS",
    "minecraft:stone_beach": "ROCK_SHORE",
    "minecraft:swampland": "SWAMP",
    "minecraft:taiga": "PINES",
    "minecraft:taiga_cold": "SNOW_PINES",
    "minecraft:taiga_cold_hills": "SNOW_PINES_HILLS",
    "minecraft:taiga_hills": "PINES_HILLS",
    "minecraft:void": "END_VOID",
    "mocreatures:wyvernbiome": "FOREST"
  }
}